ck3_county,eu5_locations
"c_BAL_anbyeon","anzhou"
"c_BAL_central_hoewon","chalin|taowen|wanhufu|wehe"
"c_BAL_changchun","changchun"
"c_BAL_dazhou","bayan_susu|hailun|hulan|hvlan|lake_qingken|ougen"
"c_BAL_delizhen","boduna|hulawen|shangjing|shulan|yushu|zhaozhou_jurchen"
"c_BAL_dongju","tongzhou|tongan"
"c_BAL_dongpyeong_yizhou","dongning|jixi|juru_hoton|mishan|mulun"
"c_BAL_east_amnok","luzhou"
"c_BAL_east_hoewon","futi|lahasusu|nuoluo|shuangyashan|tulguur"
"c_BAL_east_hyeondeok","helong|luzhou"
"c_BAL_east_jangryeong","kaiyuan_jurchen|ningchang|tieling|tongliao|yehe|yizhou_jurchen"
"c_BAL_fengzhou","bukcheong|dancheon|hamheung|jangjin"
"c_BAL_fuzhou","fuzhou|suzhou|xianzhou"
"c_BAL_heuksu_anwon","alchan|bikinka|imanka|katen|vaka|xunka"
"c_BAL_huligai","hailang|ilan_hala|lake_jingpo|malong|mudan_ula|ningguta|odoli"
"c_BAL_ilanshan","bayan_susu|hailun|hulan|hvlan|lake_qingken|ougen"
"c_BAL_jeongni","yongmingcheng"
"c_BAL_jixi","jixi"
"c_BAL_makhil","changchun|girin_ula|gongjiang_jurchen|itu_jilin|nongan"
"c_BAL_namhae","nanjiang"
"c_BAL_ningzhou","ningzhou"
"c_BAL_north_anbyeon","anju_nurgan|kaiyuan_warka|nogule|shili|yongmingcheng"
"c_BAL_north_anwon","dongning"
"c_BAL_northyongwon","helong|huncun|kahari|longjing|tulazi|yenji"
"c_BAL_sokju","suzhou"
"c_BAL_solbin","huazhou|jianzhou"
"c_BAL_south_hoewon","hailang|ilan_hala|lake_jingpo|malong|mudan_ula|ningguta|odoli"
"c_BAL_southyongwon","eastern_korean_mountains1|eastern_korean_mountains2|eastern_korean_mountains3|eastern_korean_mountains4|gapsan|musan|samsu"
"c_BAL_supin","anchun|hulin|lake_khanka|namunka|noto_ussuri|yiman"
"c_BAL_west_amnok","huanzhou"
"c_BAL_west_cheolli","boduna|hulawen|shangjing|shulan|yushu|zhaozhou_jurchen"
"c_BAL_west_hyeondeok","golmin_salggiyan|hoifa|huifacheng|juxeri|lefu|sunggari"
"c_BAL_west_jangryeong","hezhou"
"c_BAL_west_makhil","chaghankhot|gorlos|huolin|lake_chagan|lake_yueliang|taluhe|tuliemao|wafang"
"c_BAL_xinzhou","kaiyuan_jurchen|ningchang|tieling|tongliao|yehe|yizhou_jurchen"
"c_BAL_yeongju","yingzhou"
"c_BAL_yizhou","fengzhou|jizhou"
"c_BAL_yongcheon","shangjing|bozhou"
"c_BOR_banjar","banjar|katingan|kapuas"
"c_BOR_berau","hulu_sembakung|sebuku|sesayap|tarakan|tawau|tong_talun"
"c_BOR_brunei","brunei_bay|kimanis_bay|kudat_peninsula|paitan_bay|south_china_sea13|south_china_sea14"
"c_BOR_iban","brunei_bay|kimanis_bay|kudat_peninsula|paitan_bay|south_china_sea13|south_china_sea14"
"c_BOR_kudat","kudat|kinabatangan"
"c_BOR_kutai_jauh","borneo_jungle1|borneo_jungle10|borneo_jungle11|borneo_jungle12|borneo_jungle13|borneo_jungle14|borneo_jungle2|borneo_jungle3|borneo_jungle4|borneo_jungle5|borneo_jungle6|borneo_jungle7|borneo_jungle8|borneo_jungle9"
"c_BOR_kutai_utara","hulu_sembakung|sebuku|sesayap|tarakan|tawau|tong_talun|kayan|kelay|sambaliung|segah|sungai_lati|tanjung_palas"
"c_BOR_lahad_datu","lahad_datu|tawau"
"c_BOR_martapura","martapura"
"c_BOR_menjelutung","tarakan"
"c_BOR_nabawan","hulu_labuk|kota_marudu|kudat|mapun|sandakan|sibumbong|sugut"
"c_BOR_rajang","brunei_bay|kimanis_bay|kudat_peninsula|paitan_bay|south_china_sea13|south_china_sea14"
"c_BOR_sambas","sambas|mempawah|sanggau"
"c_BOR_sampit","sampit"
"c_BOR_santubong","santubong"
"c_BOR_sintang","sintang"
"c_BOR_sukadana","sukadana"
"c_BOR_tabalung","belayan|hulu_mahakam|hulu_telen|kelinjau|lake_melintang|mahakam|muarakaman|telen"
"c_BOR_taiao","barito|hulu_barito|karau|lahei|laung|teweh"
"c_BOR_tanah_taman","igan|julau|mukah|sarikei|tatau"
"c_BOR_waringin","seruyan"
"c_EM_doodonon","khilgo|khilgoson|sulkhari|ung"
"c_EM_jiangbian","avraga|kherlen|rahsaan_khad|uguumur|undurkhaan"
"c_EM_khaldun","baldan_bereeven|balj|kyra|onon"
"c_EM_khiltsaiz","khilgo|khilgoson|sulkhari|ung|khadanzaa|khan_khentii|khan_khentii2|khan_khentii3|kyakhta|tsokh"
"c_EM_khoyorgol","khadanzaa|khan_khentii|khan_khentii2|khan_khentii3|kyakhta|tsokh"
"c_EM_kizilkhentii","ingedei"
"c_EM_ononum","baldan_bereeven|balj|kyra|onon"
"c_EM_shilka","kara_shilka|kuenga|silkari|uryum"
"c_EM_tsetsen","khadanzaa|khan_khentii|khan_khentii2|khan_khentii3|kyakhta|tsokh"
"c_EM_urtolgod","baldan_bereeven|balj|kyra|onon"
"c_EM_yujuelu","baruun_tar_nuur|lake_yakhi|lake_zuun_tooroi|lower_ulz|tsagaan|upper_ulz|yakhi|zyyn_tar_nuur"
"c_IDO_bali","julah|lombok|melara|samprangan|sasak"
"c_IDO_barat_daya","wetar"
"c_IDO_galiyao","babar|bungabali|damar|leti|sangliat_dol|wetar|yamdena|bajo_flores|cibal|lamakera|larantuka|ngada|sikka|balibo|kupang|laran|lifau|likusaen|nunkolo|sombai|tutuala"
"c_IDO_humba","bajo_flores|cibal|lamakera|larantuka|ngada|sikka"
"c_IDO_lombok_and_sumbawa","bima|lombok|taliwang"
"c_IDO_nusa_nipa","larantuka"
"c_IDO_sonba_i","kupang"
"c_IDO_wehale","alor_strait|cape_tujau|damar_archipelago|leti_archipelago|ombai_strait|pedang_bay"
"c_JAV_cimanuk","cimanuk"
"c_JAV_galuh","kawali|cirebon|pangandaran"
"c_JAV_janggala","daha"
"c_JAV_kalingga","dieng"
"c_JAV_lumajang","lumajang"
"c_JAV_madura","kangean"
"c_JAV_mataram","mataram|bagaluhan"
"c_JAV_sunda","banten"
"c_LIAO_changchun","changchun"
"c_LIAO_chaoyang","chaoyang|chuanzhou|qianzhou|chengzhou"
"c_LIAO_dading","enzhou"
"c_LIAO_dalian","avga|baganuur|erenkhot|khobootsar|shuluun_khoboot_tsagaan|sonod"
"c_LIAO_diezhou","tongzhou|kaizhou|dandong"
"c_LIAO_guidezhou","fengcheng"
"c_LIAO_heicaoan","avnagar|chono|khuuchid|lake_ulgain|sangiin_dalai|sorin_nuur|ulgain|uzemchin"
"c_LIAO_horqinan","haihaer|kailu|linhuang|qingzhou_mongol|xinkai|zhengjiatun"
"c_LIAO_jinzhou","xizhou"
"c_LIAO_liaozhou","fuxin|guangning|kaicheng|wangping|yizhou_jinzhou"
"c_LIAO_linhuang","linhuang"
"c_LIAO_longhuazhou","haihaer|kailu|linhuang|qingzhou_mongol|xinkai|zhengjiatun"
"c_LIAO_ningzhou","ningzhou|fengzhou"
"c_LIAO_raozhou","xilin"
"c_LIAO_shenyang","shenyang|liaoyang|yaozhou"
"c_LIAO_taizhou","taizhou"
"c_LIAO_ulagaian","avnagar|chono|khuuchid|lake_ulgain|sangiin_dalai|sorin_nuur|ulgain|uzemchin"
"c_LIAO_wuzhou","wuzhou|fuzhou"
"c_LIAO_xianzhou","xianzhou|qianzhou"
"c_LIAO_yinzhou","qizhou|guangzhou"
"c_LIAO_zhenzhou","zhenzhou|fuping|suning"
"c_MAL_gangganegara","beruas"
"c_MAL_gelanggi","gelanggi|muar"
"c_MAL_johor","dungun|kampung_buloh|paka|terengganu_hills|trengganu"
"c_MAL_kedah","kedah|bujang"
"c_MAL_kelantan","kelantan|dungun"
"c_MAL_pahang","pahang|inderapura"
"c_MAL_patani","menara"
"c_MAL_semantan","kelantan|menara|pattani|pulai|sankalakhiri_range|yala"
"c_PHI_bool_and_cebu","bool"
"c_PHI_buglas","binalbagan|ilog"
"c_PHI_butuan","butuan|cabadbaran"
"c_PHI_cagayan_valley","aparri|babuyan_islands|batanes|gattaran|lal_lo|pudtol|tubigarao"
"c_PHI_calagan","surigao"
"c_PHI_cotabato","bislig|butuan|cabadbaran|cantilan|cateel|lake_mainit|langan|surigao|talacogon"
"c_PHI_ibalong","ibalong|daet"
"c_PHI_igorot","balbalan|cordillera_mountains1|cordillera_mountains2|kiyyangan|mallig|tobog"
"c_PHI_ivatan","babuyan|aparri"
"c_PHI_kalilayan","kalilayan|pulilu|malindig"
"c_PHI_kasiguranin","palana"
"c_PHI_lanao","bislig|butuan|cabadbaran|cantilan|cateel|lake_mainit|langan|surigao|talacogon"
"c_PHI_ma-i","mamburao"
"c_PHI_maguindanao","makar"
"c_PHI_mandaya","kankabatok|limasawa|mairete|pangasugan"
"c_PHI_masbate","masbate"
"c_PHI_panay","irong_irong"
"c_PHI_pangasinan","binalatongan|bolinao"
"c_PHI_samar","catarman|borongan"
"c_PHI_samtoy","bigan|kandong"
"c_PHI_sarangani","sarangani"
"c_PHI_south_palawan","balabac_strait|cape_buliluyan|cuyo_west_passage|elibinibid_point|green_island_bay|mindoro_strait|south_china_sea15|south_china_sea16|south_china_sea18|south_china_sea21|south_china_sea23|south_china_sea25|south_china_sea27|south_china_sea28|treacherous_bay"
"c_PHI_sulu","dapitan|panaon|samboangan|sibugay|sindangan|siocon"
"c_PHI_tandaya","kankabatok"
"c_PHI_taytay","taytay|cuyo"
"c_PHI_tondo","tondo|maynila|binangonan"
"c_PHI_zamboanga","tukuran"
"c_SUM_bangka-belitung","kota_kapur"
"c_SUM_barus","barus|singkil|calang"
"c_SUM_bengkulu","bengkulu"
"c_SUM_dharmasraya","dharmasraya"
"c_SUM_east_sumatra","mesuji"
"c_SUM_indragiri","rengat"
"c_SUM_jambi","jambi|tungkal"
"c_SUM_kampar","kampar|siak"
"c_SUM_karang_brahi","karang_brahi"
"c_SUM_lambri","pasai"
"c_SUM_lampung","lampung|menggala|palas_pasemah"
"c_SUM_lingga","tanjungpinang"
"c_SUM_meranti","bera|jerantut|kuala_lipis|kuantan|pahang"
"c_SUM_minangkabau","padang|batan"
"c_SUM_muara_takus","pagaruyung"
"c_SUM_palembang","palembang|musi"
"c_SUM_panai","bahal"
"c_SUM_pasemah","batang_tembesi|berbak|jambi|muara_sabak|rantau_benar|tungkal"
"c_SUM_pekanbaru","eastern_singapore_strait|inner_strait_malacca|johor_coast|kedah_coast|outer_strait_malacca|perak_coast|western_singapore_strait"
"c_SUM_perlak","tamiang"
"c_SUM_riak_nan_berbedur","barisan_mountains1|inderapura|lake_maninjau|lake_singkarak|padang|pagaruyung|pariaman|pasaman|solok|sontang"
"c_SUM_rokan","rokan|bengkalis"
"c_SW_damoguo","mergen"
"c_SW_dongcheziguo","avnagar|chono|khuuchid|lake_ulgain|sangiin_dalai|sorin_nuur|ulgain|uzemchin"
"c_SW_dongruzhe","chaghankhot|gorlos|huolin|lake_chagan|lake_yueliang|taluhe|tuliemao|wafang"
"c_SW_ergunia","baruun_tar_nuur|lake_yakhi|lake_zuun_tooroi|lower_ulz|tsagaan|upper_ulz|yakhi|zyyn_tar_nuur"
"c_SW_fancao","boduna|hulawen|shangjing|shulan|yushu|zhaozhou_jurchen"
"c_SW_gonghejiang","chaghankhot|gorlos|huolin|lake_chagan|lake_yueliang|taluhe|tuliemao|wafang"
"c_SW_hailar","hailar"
"c_SW_heiergun","chit|ingedei|nibuchu|nurchuu|tura|uldurga"
"c_SW_heiheguo","bir_amur|humar|kuanhe|pangu|sahar|tahe"
"c_SW_heilonghean","baitan|kuanhe_xingzhou|limin|liuyuan|niushan|taipingzhuang|xiabancheng|yanshan_mountains1|yixingzhou|zhangsanying"
"c_SW_heilonglin","dalaiketun|nemeri|northern_daqing_lakes|sart|southern_daqing_lakes|talaha|yilaha|zhalong"
"c_SW_hongxingan","wuzhou|liquan"
"c_SW_huangtouguo","bayan_ula|hailar|hulun|xuguit|yimin"
"c_SW_hulunbuir","bars_khot|bayan_tumen|bayantsagaan|dalai_nuur|lake_hulun|menen"
"c_SW_jiqin_hari","chaghankhot|gorlos|huolin|lake_chagan|lake_yueliang|taluhe|tuliemao|wafang"
"c_SW_lingxiguo","abagaita|gegen|hasar|khirkhira|talman_boorj"
"c_SW_luotuoguo","barun_xiabaer|buir_nuur|khalkh|lake_buir|tamsabulag"
"c_SW_lupingyuan","dalaiketun|nemeri|northern_daqing_lakes|sart|southern_daqing_lakes|talaha|yilaha|zhalong"
"c_SW_mengwuo","aga|boorj|qorqonaq_yubur|unda"
"c_SW_nabeiguo","barun_xiabaer|buir_nuur|khalkh|lake_buir|tamsabulag"
"c_SW_pibeihe","baruun_tar_nuur|lake_yakhi|lake_zuun_tooroi|lower_ulz|tsagaan|upper_ulz|yakhi|zyyn_tar_nuur"
"c_SW_powoguo","bayan_ula|hailar|hulun|xuguit|yimin"
"c_SW_puyuzhou","puyu"
"c_SW_ruzhejiang","chaghankhot|gorlos|huolin|lake_chagan|lake_yueliang|taluhe|tuliemao|wafang"
"c_SW_shanbeiguo","buteha|chol|hurle|taizhou_jurchen"
"c_SW_suihua","bayan_susu|hailun|hulan|hvlan|lake_qingken|ougen"
"c_SW_talbai","aga|boorj|qorqonaq_yubur|unda"
"c_SW_xinghuangtou","bayan_ula|hailar|hulun|xuguit|yimin"
"c_SW_xingnabei","bars_khot|bayan_tumen|bayantsagaan|dalai_nuur|lake_hulun|menen|barun_xiabaer|buir_nuur|khalkh|lake_buir|tamsabulag|bayan_ula|hailar|hulun|xuguit|yimin"
"c_SW_zhongcheziguo","matad|sharga_uul|sumtiin|tavan_tolgoi|zara_uul"
"c_SuMa_ajatappareng","tosora"
"c_SuMa_bacan","weda|obi"
"c_SuMa_banawa","donggala|parigi"
"c_SuMa_banggai","banggai"
"c_SuMa_banggai_utara","tojo"
"c_SuMa_buru-sula","bara_buru|kayeli|obi|sanana|taliabu|tifu"
"c_SuMa_butun","bungku|kendari|mori_celebes|sambandete|unaaha"
"c_SuMa_gorontalo","gorontalo|kali"
"c_SuMa_konawe","kendari"
"c_SuMa_luwu","luwu|malangke|palopo|malili"
"c_SuMa_mori","mori|poso"
"c_SuMa_moronene","bungku|kendari|mori_celebes|sambandete|unaaha"
"c_SuMa_raja_ampat","misool"
"c_SuMa_sampaga","cape_belangbelang|cape_bonemanjing|cape_rangas|cape_udung|mandar_bay|pabbiring_islands|palu_bay"
"c_SuMa_seram","bula|hitu|huamual|latu|nunusaku|sahulau|saparua|seram_mountains|werinama"
"c_SuMa_siang","siang"
"c_SuMa_tamboeko","banggai|bulakan|gori_gori|lingketeng|tojo|una_una"
"c_SuMa_ternate","ternate|jailolo"
"c_SuMa_tidore","tidore"
"c_SuMa_wenang","amurang|belang|karakaralong_islands|karatung_island|lake_tondano|manado|sangihe_islands|solimandungan|tabukan"
"c_THAI_phetchaburi","phetchaburi|singkhon"
"c_THAI_takua_pa","takua_pa|chaiya"
"c_THAI_tambralinga","trang"
"c_THAI_tenasserim","tenasserim|mergui|kra_buri"
"c_aachen","aachen|limbourg|duren|prum"
"c_aalborg","aalborg"
"c_aargau","aarau|baden_im_aargau|lake_lucerne|lucerne|wolhusen"
"c_aarhus","aarhus"
"c_abakan","kolchugino|mariinsk|siberian_wasteland_14|verkh_chebula|verkhotomsk"
"c_abauj","bardejov|gonc|kosice|levoca|lubica|presov|turna"
"c_abbadan","bayan"
"c_abivard","khabushan"
"c_abkhazia","anacopia|lata_georgia|pitsunda|sukhumi"
"c_ablastha","besni|east_taurus_2|east_taurus_8|gerger|kahta|kaysun|malatya|samsat"
"c_abomey","abomey"
"c_abruzzi","rieti"
"c_abu_hammad","daw_sud|faras|kalabsha|qasr_ibrim|sai|west_nubian_desert"
"c_abugan","arykbalyk|atbasar|imantau|kak|kokshetau|kozhakol|shoindykol"
"c_abwab","shendi"
"c_abydos","ayvacik|bandirma|bayramic|biga|can|canakkale|gonen|lapseki"
"c_acalapura","kalam|kelapur|gawilgarh"
"c_acampse","artanuji|ispir|kars_mountains_1|khikhani|oltu|panaskerti|parkhali|savsat|tortum|yalnizcam_mountains"
"c_achaia","patras|vostitsa|andravida|kalavryta"
"c_achu","aitbulat|aqkol_lake|aral_karakum_desert|arys_lake|belen_ana|bolgan_ana|hunger_steppe|karakoyin_lake|shalkarteniz_lake|talmas_ata"
"c_acre","acre"
"c_adanse","akwatia|fomena|goaso|kibi|kumasi"
"c_adoni","adoni"
"c_adrianopolis","ahtopol|edirne|kirklareli|kiyikoy|luleburgaz"
"c_aeolis","akhisar|demirci|foca|gordes|kula|lake_marmara|manisa"
"c_aetolia","angelokastron|karpenisi|lake_trichonida|loidoriki|nafpaktos|pindus_mountains11|pindus_mountains12|salona|vonitsa"
"c_afar","assab|balho|obock|rahayta|tadjoura"
"c_afram","dambai|kumawu|yeji"
"c_agadir","agadir|massa"
"c_agairik","achit_nuur|altay_mountains|haerhhana|huysiyn|khovd|khurgan|lake_achit|lake_dayan|lake_durgun|lake_khar|lake_khar_us|lake_khoton|lake_khurgan|lake_markakol|lake_tolbo|mongol_altay|tahiltyn_khotgot|tsagaan_usun"
"c_agaw_meder","chilga|gilgel_beles|guba"
"c_agdeside","amli|flekkefjord|lindesnes|oddernes|otredal|oyestad|sirudal|sondeled"
"c_agenais","agen|marmande|montflanquin"
"c_agrigento","girgenti|caltanisetta"
"c_ahqaf","al_aflaj|al_haddar|laila|qasr_himam|rub_al_khali1"
"c_ahvaz","ahvaz|dowraq|hamidiyeh|hoveyzeh|mosharahat|muhammerah"
"c_aigun","aigun"
"c_ailech","donegal|inishowen|kilmacrennan|raphoe|derry|coleraine|magherafelt"
"c_ain_galakka","ain_galaka|ounianga|qatrun|rabyanah|sahel_corridor03|sahel_corridor13|sahel_corridor15|sahel_corridor16|sahel_corridor17|sahel_corridor18|sahel_corridor19|sherda|tekro|zouar"
"c_aintab","ayntab|dluk|kilis|trapessac"
"c_air","agadez|assode|iferouane|in_gall|sahel_corridor01|sahel_corridor21|sahel_corridor22|takedda|talak|tenere"
"c_airyuk","aitbulat|aqkol_lake|aral_karakum_desert|arys_lake|belen_ana|bolgan_ana|hunger_steppe|karakoyin_lake|shalkarteniz_lake|talmas_ata"
"c_ajaccio","ajaccio|calvi"
"c_ajayameru","ajayameru"
"c_ak-dzulpas","aitbulat|aqkol_lake|aral_karakum_desert|arys_lake|belen_ana|bolgan_ana|hunger_steppe|karakoyin_lake|shalkarteniz_lake|talmas_ata"
"c_ak-taylak","arkat|kaynar_atbai|sarybulak|takhir|zhanaarka|kashkanteniz|kyzylsay|moiynty|mukur|zhamshy"
"c_akhadid","al_ijarah|al_labbah|al_thulayma|al_waqbi|linah|lowqah|zubala|an_nil|nasiriyah|numaniyyah|rusafa|samawa"
"c_aki","aki|geiyo_islands_wastelands|saeki|takata|toyota|yamagata|kamo"
"c_akkel","enare|enare_trask|ivalo|kemijarvi|korvala|lapland_taiga1|muojarvi|north_skanderna|oulujarvi|salla|savukoski|sodankyla|utsjoki|yli_kitka"
"c_akkityk","koskuduk|manysai|shagan|ushkan|zhaksy_karasay"
"c_aksay","aksay"
"c_aksu","aksu|bai_xinjiang|kucha|kumtura|qumbash|shayar|tian_shan2|tian_shan3|uqturpan|barchuk|uch"
"c_aksuyek","almaty|balkhash_lake|boyauli|karakastek|karamergen|kargaly|kurty|saryesik_atyrau_desert|shengeldy|sorbulaq_lake|talkhir|taukum_desert|tian_shan10"
"c_al-arid","al_hajr|diriyah|malham|muzahmiyah|thadiq"
"c_al-asa","al_aflaj|al_haddar|laila|qasr_himam|rub_al_khali1"
"c_al-buhaira","rashid|damanhur|ramsis"
"c_al-gharbiya","al_mima|el_burullus|el_mahalla|fuwa|lake_burullus|lake_idku|samanoud|tidah"
"c_al-haditha","abu_kemal|anah|haditha|jazair|rahba"
"c_al-hasa","ad_dahna5|al_hunayy|al_jafurah1|harad_al_ahsa|khurays|rumah|rumah_jarrarah_corridor|urayrah|yabrin"
"c_al_aqabah","aqaba"
"c_al_jawf","al_jawf|sakaka|al_qara"
"c_aland","handbord|jonkoping|kalmar|kinda|oland|sevede|tjust"
"c_alarcon","alarcon|belmonte|iniesta|jorquera|moya|requena|san_clemente"
"c_albarracin","albarracin|belchite"
"c_albi","albi|castelnaudary"
"c_albret","tartas|la_teste_de_buch"
"c_alcacer_do_sal","alcacer_do_sal|montemor|avis"
"c_alcaniz","alcaniz|cantavieja|caspe|montalban|valderrobres"
"c_alcaraz","alcaraz|huescar|albacete|montiel"
"c_alencon","alencon|mortain|argentan"
"c_aleppo","aleppo|al_bab|dabiq|jabbul|lake_jabbul|manbij|marrat|maskanah|zardana"
"c_alexandretta","al_bab|aleppo|dabiq|jabbul|lake_jabbul|manbij|marrat|maskanah|zardana"
"c_alexandria","alexandria|el_alamein|lake_maryut|matruh|sallum"
"c_aley","altay_forest_wasteland_1|oskemen|shemonayevskoye|ust_kalmanka|zmeinogorsk"
"c_algeciras","algeciras|moron|central_sabaneque|cubanacan|east_cubanacan|east_sabaneque|guamuhaya|magon|ornofay|sabana"
"c_algier","algiers|medea"
"c_alicante","alicante|albacete|chinchilla|jumilla|villena"
"c_allai","chilas"
"c_allaqi","aydhab|badi|deraheib|east_nubian_desert|horn_desert_corridor1|horn_desert_corridor2|horn_desert_corridor3|south_eastern_desert|suakin"
"c_allenstein","barten|elk|lake_mamry|lake_sniardwy|nibork|ostroda|ryn_poland|szczytno|wegorzewo"
"c_almader","almaden|almodovar_del_campo|calatrava|ciudad_real|madrona_range|malagon|manzanares|puertollano"
"c_almaty","almaty|balkhash_lake|boyauli|karakastek|karamergen|kargaly|kurty|saryesik_atyrau_desert|shengeldy|sorbulaq_lake|talkhir|taukum_desert|tian_shan10|kegen"
"c_almeria","almeria|almanzora|baza|filambres_range|gergal|huescar|mojacar|velez_rubio|lorca"
"c_alodia","soba"
"c_along","dibang|gomsi|malinithan|sadiya|siang|siyom|subansiri|tengapani"
"c_alpsee","schongau"
"c_altay","atanuul|atas_bogd|bodonch|bulgan|burqin|chinggil|jeminay|kara_irtysh|lake_jili|lake_ulungur|ulungur|kran"
"c_alto_aragon","jaca"
"c_aluksne","aluksne|gulbene"
"c_alupa","udupi"
"c_alxa","alxa"
"c_amami","east_china_sea4|east_china_sea5|east_china_sea7|hedo_cape|japan_high_sea6|japan_high_sea7|japan_high_sea8|japan_high_sea9|kin_bay|kujira_cape|mifuga|miyako_cape|torinokuchi|zanpa_cape"
"c_amatlus","akjoujt"
"c_amaya","miranda_de_ebro"
"c_amdo","buha|caka|caka_lake|chabcha|dulan|dungkar_amdo|guolimu|kunlun5|qardam|qilianshan4|qinghai_lake|sanjiaocheng"
"c_amhara","aheyya_fagg|gannata_giyorgis|kubar|north_east_ethiopian_mountains|tadbaba"
"c_amida","diyarbekir|egil|ergani|hazro|heni|karacadag|savur"
"c_amiens","amiens|corbie|peronne"
"c_amis","amis|kavalan"
"c_amol","amol|alat|amol_turkmenabad|daya_kathyn|paykend|vardanzi"
"c_amstetten","amstetten|waidhofen"
"c_anbar","al_anbar|ar_rabb"
"c_ancona","ancona|gubbio|camerino"
"c_andamans","austen_harbour|barren_island_coast|indonesia_high_sea4|indonesia_high_sea5|indonesia_high_sea6|indonesia_high_sea7|indonesia_high_sea8|indonesia_high_sea9|inner_nicobar_channel|inner_sombrero_channel|woodmason_bay"
"c_andong","andong|bonghwa|mungyeong|sangju|yeongcheon"
"c_andujar","andujar|jaen|baeza|cazorla|jodar|martos|ubeda"
"c_angerburg","barten|elk|lake_mamry|lake_sniardwy|nibork|ostroda|ryn_poland|szczytno|wegorzewo"
"c_angermanland","anundsjo|grundsunda|harnosand|ramsele|sjalevad|solatunum"
"c_angkor","angkor|banteay_chhmar|damrey_trom|phnom_srok|sdok_kok_thom"
"c_angkor_borey","phnom_penh"
"c_anglesey","anglesey"
"c_angot","aheyya_fagg|gannata_giyorgis|kubar|north_east_ethiopian_mountains|tadbaba"
"c_angouleme","angouleme|chabanais|cognac"
"c_angus","arbroath|dundee|forfar|stonehaven|mar"
"c_anja","bolshoy_kosogol|kortuz|nazarovo|novosyolovo|tatarskaya_tesyu|uzhur"
"c_anjou","angers|bauge|beaupreau|chateau_gontier|le_lude|loudun|passavant|saumur"
"c_anket","boynak|endirey|tarki|temirkhan_shura|terek"
"c_annaba","annaba|cheffia|collo|el_kala|el_milia|guelma|jijel|lake_fetzara|skikda|skikda_mountain|tekouch"
"c_annandale","annan|dumfries"
"c_ansbach","ansbach|uffenheim"
"c_ansongo","ansongo"
"c_antiocheia","antioch|latakia|baniyas|jableh|tartus"
"c_antipatreia","ballsh|berat|debar|devol|durres|elbasan|kavaje|kruje|tirana"
"c_antwerpen","breda"
"c_anzhou","anzhou|dingxing|gaoyang_baoding|gecheng|guixin|xincheng_baoding|anlu|fengle|fushui|jingshan|shipai|zhongxiang|yingshan|yunmeng"
"c_aosta","aosta|chatillonaos|morgex|pennine_alps2|martigny"
"c_aowin","abengourou|apollonia|axim|hemang"
"c_apahunik","tatvan"
"c_apulia","acerenza"
"c_aqenganggyai","bayan_har_mountains2|dalungsai|dorger_lake|drichu|duolundu|hoh_sai_lake|hoh_xil|hoh_xil_lake|jilibulake|jurhen_ui|kunlun|kunlun4|lebxewudan_lake|qumarleb|sharu|tanggula2|ulan_ui_lake|xijir_ulan_lake|zhognai_lake"
"c_aqiq","ad_dawasir|aqiq_banu_uqayi|ar_rakbah1|ar_rakbah2|habiyah|tamrah"
"c_aqtobe","gebergeyel|irek|khaiylmysh|khaqmar|shikashin|yuldibay"
"c_aquileia","aquileia|trieste|udine"
"c_arad","arad"
"c_aral_karakum","aitbulat|aqkol_lake|aral_karakum_desert|arys_lake|belen_ana|bolgan_ana|hunger_steppe|karakoyin_lake|shalkarteniz_lake|talmas_ata"
"c_aralkizil","aspara|khantau|kulan|merki|sretenskoe|tasuktul|tolekskoe"
"c_aran","ganja|barda"
"c_arawan","araouane|east_el_djouf|sahel_corridor09|sahel_corridor10|sahel_corridor11|sahel_corridor24|taghaza|tanezrouft|taoudenni"
"c_arbanon","kruje"
"c_arborea","ales|oristano|sorgono|terralba|isili"
"c_ardabil","ardabil|ahar|aslanduz|kaleybar|khiyav|mardanaqom|nir|qahqaheh|qaradagh_mountains1|qaradagh_mountains2|khalkhal"
"c_ardestan","ardestan|anarak|aqda|nain|natanz|zavareh"
"c_arezzo","arezzo|cortona|sansepolcro"
"c_argyll","ardtornish|ben_nevis|carn_eige|cowal|inverary|kintyre|lochaber|oban"
"c_arigh","asuf|debila|grand_erg_occidental_east2|northern_tedemait|tamacine|touggourt|touggourt_ouargla_corridor"
"c_ariksar","gegong|hengduanshan8|longtang|mangge|sershul"
"c_arkalyk","arykbalyk|atbasar|imantau|kak|kokshetau|kozhakol|shoindykol"
"c_arkat","arkat"
"c_armagnac","auch|lectoure|lisle_jourdain|mirande|nogaro"
"c_arnhem","arnhem|apeldoorn|harderwijk"
"c_arnsberg","arnsberg"
"c_aror","aror"
"c_arrajan","jannaba"
"c_aru","banda_island|kobroor|ohoi_ewur|trangan|wokam"
"c_arusi","boke"
"c_arzhan","den_terek|khemchik|tannu_ola_mountains1|ulug|usun|western_sayan_mountains"
"c_asfi","asfi"
"c_ashir","amdoukal|bou_saada|burg_bu_mountain1|burg_bu_mountain2|chott_el_hodna|el_kantara|maqqara|msila"
"c_ashli","simbirsk|altyshevo|atrat|batyrevo|cherdakly|melekess|pokrovskoye|staraya_mayna|tetyushi"
"c_ashmaka","qandhar"
"c_asir","asir"
"c_asirgarh","asirgarh|khandwa"
"c_asni","asni"
"c_aso","aso"
"c_astana","akkol|bayanaul|bozok_astana|kishi_karoy|lake_gidrowzel|lake_zhalauly|seletyteniz|shybyndy|siletiteniz|teke|ulken_karoy|zhalauly|zhukey"
"c_astore","astore"
"c_astorga","astorga|ancares_range|castrocalbon|leon_mountains|ponferrada|villablino|villafranca_bierzo|lugo|monforte_de_lemos|navia_de_suarna|sarria|villalba|ourense|barco_de_valdeorras|ginzo_de_limia|monterrey|ribadavia|viana_bolo"
"c_astrakhan","astrakhan|ganyushkino|khosheutovo|krasny_yar|sara"
"c_astrakhanka","akkol|bayanaul|bozok_astana|kishi_karoy|lake_gidrowzel|lake_zhalauly|seletyteniz|shybyndy|siletiteniz|teke|ulken_karoy|zhalauly|zhukey"
"c_asturias_de_oviedo","oviedo|riano|villaviciosa"
"c_asturias_de_santillana","santander|reinosa"
"c_aswan","aswan"
"c_asyut","asyut|akhmim|el_balyana|el_buwit"
"c_atamansku","atach|ishkul|kumak|namjan|or_aktobe|suyunduk|tanalyk|yaik"
"c_atbara","atbara|berber|ed_damer"
"c_atbasar","atbasar"
"c_athlone","athlone"
"c_atholl","aberfeldy"
"c_atkarsk","atkarsk|arkadak|balanda|balashov|lysye_gory|rtishchevo|turki|yekaterinovka"
"c_attica","atalanti|athens|lake_kopais|livadeia|megara|thebes"
"c_attie","bouake|daloa|daoukro|ngokro|seguela|assinie|cosrou|grand_bassam|toumodi"
"c_atyrau","kaynar|shagiz|tas_kichu|tenteksor"
"c_augsburg","augsburg|friedberg"
"c_aunis","la_rochelle"
"c_austisland","arnar_fjord|denmark_strait4|faxa_bay|north_eastern_atlantic15|north_eastern_atlantic16|north_eastern_atlantic18|north_eastern_atlantic20|norwegian_sea|norwegian_sea8|stokks_point|vestmanna_islands"
"c_auvergne","aurillac"
"c_auxerre","auxerre|donzy"
"c_ava","pinya|kyaukse|nyaungyan|pindale|pinle"
"c_avalois","avallon"
"c_aveiro","lamego"
"c_avila","avila|adrada|arevalo|las_navas|oropesa|villatoro|western_central_system|medina_del_campo"
"c_aviovara","abisko|akkajaure|enontakis|juckasjarvi|kasivarren|korpilombo|mourionska|nikkaluokta|nunnanen|raunala|torne_trask|vastenjaure"
"c_avlonas","ambracian_gulf|coast_corfu|gulf_corinth|gulf_patras|gulf_taranto|maria_leuca_cape|strait_otranto"
"c_avranches","avranches|cherbourg|coutances"
"c_awa","awa|awa_shikoku|awaji|kaifu|mima|miyoshi_shikoku|mount_tsurugi|naka_shikoku|nakata|naka"
"c_awaji","awaji"
"c_awjila","awjila"
"c_awkar","balle|diara|east_erg_aoukar|koumbi_saleh|nema|timbedra|walata"
"c_awssa","asaita|killelu|mora_eth"
"c_aydhab","aydhab"
"c_ayn_farah","ain_farah|uri"
"c_ayodhya","ayodhya|gonda"
"c_ayrshire","ayr|dumfries|irvine|kenmure|kirkcudbright|stranraer"
"c_aytos","aytos|ktenia"
"c_az-dhahira","al_aflaj|al_haddar|laila|qasr_himam|rub_al_khali1"
"c_azas","den_terek|khemchik|tannu_ola_mountains1|ulug|usun|western_sayan_mountains"
"c_azov","azok|bagayevskaya|balzimachi|kanevskaya|shcherbinovka|starominskaya|yegorlykskaya"
"c_azukki","atar|azougui|chingetti|erg_amatlich|idjil|wadan"
"c_azysia","dasmenda"
"c_baalbek","baalbek"
"c_babruysk","babruysk|kalinkavichy|rechytsa|luchin|rahachow|streshyn|svietlahorsk"
"c_bacs","bacs|baja_hungary|bodrog|titel"
"c_badajoz","badajoz|albuquerque|barcarrota|jerez_de_los_caballeros|villanueva_del_fresno|llerena"
"c_badakhshan","araska|fayzabad|hindu_kush2|hindu_kush3|hindu_kush4|jurm|pamir3|sar_sang|zebak|rustaq"
"c_badaraya","bakusaya"
"c_baden","baden|calw"
"c_badghis","ghormach|jawand|kusk|kusk_kohneh|marv_al_rudh|qala_kohistan|qala_naw|qasr_ahnaf"
"c_badi","badi"
"c_baduspan","ashraf|elburz_mountains7|elburz_mountains8|farim_iran|firuzkuh|lafur|sari"
"c_baghdad","baghdad|badra|balad_ruz|baqubah|dayr_aqul|khalis|ukbara"
"c_bagrewand","balakan|bodbe|hereti|khornabuji|qakh"
"c_baguirmi","massenya"
"c_bahnasa","beni_suef|el_bahnasa|faiyum|lake_qarun|sharuna"
"c_bahriya","ashmunayn|connector_egypt9|manfalut|minya|north_western_desert|tahna"
"c_baibalik","altan_gadas|chuluutyn|delger_moron|ider|lake_sangiin_dalai|lake_terkhiin_tsagaan|zagzuugiin_balgas"
"c_baigaluuls","bratsk|chuva|nizhneudinsk|siberia_kuytun|siberian_wasteland_17|staraya_zima"
"c_baigaur","angkor_borei|phnom_penh|prasat_pram_lovet|srey_sarchhor|vyadhapura"
"c_baihaq","anarak_jondaq_corridor|dasht_kavir1|dasht_kavir2|dastgerdan|hamun_dasht_kavir|jondaq|korit|ribat_ushturan|ribat_ushturan_jondaq_corridor|saghand|tabas_al_tamr|tabas_al_tamr_ribat_ushturan_corridor"
"c_bailaqan","barza|bukan|malekan|miandoab|sain|santeh|takht_e_soleyman|zagros_mountains3|zagros_mountains4"
"c_baima","baima"
"c_baingoin","bam_lake|drong_lake|dung_lake|gangdise3|gonkri|jargo_lake|kyebxang_lake|lake_nam|lake_ngon|lake_urru|namtso_doring|pangkog_lake|pung_lake|reu_lake|ronglung|siling_lake|tsedzong|tsonga_lake|zagya|zige_tangco_lake"
"c_baisary","atzhaksy|emba|shatyrlysay|temir"
"c_baishan","baishan|anding_mashan|duyang|yongshun"
"c_baizhou","bobai"
"c_bajura","bajura"
"c_bakharz","bakharz|pushang"
"c_bakhmut","bakhmut|kreminna|lysychansk|oleksandrivka|posad"
"c_bakriya","diyarbekir|egil|ergani|hazro|heni|karacadag|savur"
"c_balachev","bannoye|bolshaya_gribanovka|borisoglebsk|buturlinovka|kalach|sadovoye|uryupin|verkhny_mamon"
"c_balashagun","chatyr_kol_lake|cholok_kaiyn|chon_naryn|jumgal|ketmen_tobe|koshoy_korgon|naryn|song_kul_lake|tian_shan11|tian_shan12|tian_shan13|tian_shan8|tian_shan9"
"c_balgun","atanuul|atas_bogd|bodonch|bulgan|burqin|chinggil|jeminay|kara_irtysh|lake_jili|lake_ulungur|ulungur"
"c_bali","julah|lombok|melara|samprangan|sasak"
"c_balkh","balkh|aqca|boyena_qara|khamyab|khulm|mazar_i_sharif|samangan|zadian"
"c_balkonda","balkonda"
"c_balqa","amman"
"c_bam","bam|dasht_lut2|fahraj_narmashir|narmashir|rayen|rigan|sepeh"
"c_bamberg","bamberg"
"c_bambuk","ballou|diawara|saraya"
"c_bamian","andarab|bagram|bamyan|charikar|hindu_kush1|istalif|kahmard|panjshir|paropamisus_mountains4|yakawlang"
"c_bampur","bampur|bazman|dalgan|espakeh|fahrej|hamun_jaz_murian|karvandar|rameshk|al_tiz|bandar_e_jask|bashagard|bent|bih|jagin_zir|zarabad"
"c_banavasi","arka"
"c_banbar","chumdo|lhari|nyainqentanglha4|pome|shukden"
"c_bandhugadha","agori|bandogarh|beohari|madwas|mauganj|nagod|ramnagar|rewa|sidhi|sohagpur|vijaygarh"
"c_bandiagara","arlal|bambara_maounde|bore|douentza|ngouma"
"c_bangaon","alamganj|bihariganj|katihar|kosi|purnia|saharsa"
"c_bannu","bannu|hangu"
"c_banre","logone_birni"
"c_baol","diourbel|fandene|portudal"
"c_baqen","chodrak|gechak|jang_tana|nangchen|pelme|tanggula1|zurmang_namgyaltse"
"c_baqlin","anseba|atbara|kassala|khawr_baraka|khawr_nubt"
"c_bar","verdun|saint_mihiel"
"c_baranya","mohacs|pecs|siklos|simontornya|tolna"
"c_barasuru","barasuru|malkangiri"
"c_barbacadle","barbacadle"
"c_barcasag","chezdi_osorheiu|covasna|cristuru_secuiesc|eastern_carpathians5|eastern_carpathians5b|eastern_carpathians6|eastern_carpathians6c|eastern_carpathians7|eastern_carpathians8|gheorgheni|gurghiu|miercurea_cluc|odorhei|sfantu_gheorghe|targu_mures"
"c_barcelona","barcelona|sitges|terrassa|villafranca_del_penedes|manresa|cardona|vic|berga"
"c_bardak","bardak"
"c_bargajan","bratsk|chuva|nizhneudinsk|siberia_kuytun|siberian_wasteland_17|staraya_zima"
"c_bari","bari|altamura|andria|barletta|monopoli|matera|taranto"
"c_barkam","durgyeling|geshitsa|rahor|yungdrung|zhanggu"
"c_barkul","barkul|altayn_ovor_gobi|barkol_mountains|naomao|santokhe|zuun_garyn_gobi"
"c_barlad","barlad|adjud|cudalbi|focsani|galati|oancea|tecuci|tulnici|vaslui|husi"
"c_barma","tendukheda"
"c_barnaul","barnaul"
"c_barqa","benghazi"
"c_bars","banska_bystrica|hont|kremnica|krupina|stary_tekov|zvolen"
"c_barsuki","aitbulat|aqkol_lake|aral_karakum_desert|arys_lake|belen_ana|bolgan_ana|hunger_steppe|karakoyin_lake|shalkarteniz_lake|talmas_ata"
"c_bartenstein","insterburg"
"c_basagha","temir"
"c_basra","basra|abadan|abdas|al_madar|al_qatr|suq_al_shuyukh|zuwayr"
"c_bassa","bassa|junk_river|mesurado|saint_paul_river"
"c_bastia","bastia|corte"
"c_batang","batang"
"c_batiha","an_nil|nasiriyah|numaniyyah|rusafa|samawa"
"c_batina","al_khaburah|khor_fakkan|nakhal|rustaq|saham|shinas|suhar"
"c_batn_al-hajar","daw_sud|faras|kalabsha|qasr_ibrim|sai|west_nubian_desert"
"c_batticaloa","badulla|devanagara|digavapi|galle|hambantota|tissamaharama"
"c_bauchi","bauchi|jos"
"c_baxoi","chumdo|lhari|nyainqentanglha4|pome|shukden"
"c_baydhabo","buur_heybe"
"c_bayeux","bayeux|caen|falaise"
"c_bazarka","arkat|kaynar_atbai|sarybulak|takhir|zhanaarka"
"c_bazhou","dacheng|wenan|yijin|huacheng|zengkou"
"c_bazin","bazin|northern_ethiopian_mountains|tembesha|tesenei"
"c_bearn","pau|aire|dax|labrit|lagoon_of_sanguinet|mimizan|mont_de_marsan|tartas|tosse|oloron"
"c_beaumont","mantes|beauvais"
"c_bedford","bedford"
"c_begemder","debre_tabor|gonder|lake_tana|tsana|sana|al_husayniyah|al_mahjal|dhahran|haraz_mountains2|huth|main|najran|sadah|sana_yemen|suq_al_ghinan|thula"
"c_begho","begho|banda|sampa"
"c_behabad","behabad|nayband"
"c_beirut","beirut|saida"
"c_beizhou","qinghe|linqing|guantao|qiuxian"
"c_beja","beja|vora|evora"
"c_bejaia","bejaia|jijel"
"c_bekdas","beleuli|kyushe|sam|sarygamysh_lake|shuruk|sisem_ata|uchkuduk|ust_yurt_lakes|ust_yurt_plateau1|ust_yurt_plateau2"
"c_bekes","bekes|szarvas"
"c_beksima","yenotayevka"
"c_belebey","bizhbulyak|chishmy|davlekanovo|sterlibashevo|sterlitamak|turkmenevo|ulukulevo"
"c_bellac","bellac"
"c_belogorje","bolshoy_balyk|bolshoy_yugan|irtysh|megion|siberian_wasteland_8|surgut|sykhtymlor|trom_yegan|upper_ob|yugranskaya_ob"
"c_beloozero","beloozero|badozhsky|chuzboy|goroditse_megra|koloshma|lake_beloye|lake_kovzhskoye"
"c_belz","belz|busk|grabowiec|lubaczow|sokal"
"c_bena","bag_ngula|bakongo|bayombe|bojamba|bumbuli|chibango|kangule|kikassa|lindi_kwila|luebo|tumba"
"c_benavente","benavente|alcanices|cabrera_range|puebla_de_sanabria|villalpando|alba"
"c_benevento","benevento|isernia|melfi|ariano"
"c_benin","benin"
"c_beograd","smederevo|rudnik"
"c_berbera","berbera|amud"
"c_berchtesgaden","berchtesgaden|kitzbuhel"
"c_bereg","beregovo|humenne|mukachevo|satoraljaujhely|uzhorod|velikyi_bereznyi|zemplin"
"c_berent","gdansk|gniew|koscierzyna|mirochowo|puck|tczew"
"c_berestye","dabuchyn|hajnowka|kamyenyets|kobryn"
"c_bergh","berg|siegburg"
"c_berkshire","abingdon|reading|windsor"
"c_berlin","berlin"
"c_bern","bern|burgdorf_emmental|frutigen|interlaken|saanen|thun|lausanne"
"c_beroe","haskovo"
"c_berry","chateauroux"
"c_berta","fazughli|gimbi|nekemte"
"c_besancon","besancon|vesoul|ornans"
"c_beshbalik","beshbalik|bodga_shan|dunla|guchung|mori|yuanhu"
"c_besinada","majar|alexandrovskoye|arzgir|blagodarnoye|levokumskoye|novopavlovsk|novoselitskoye|yessentuq|zelenokumsk"
"c_beszterce","baita|bistrita|dabaca|dej|eastern_carpathians3|eastern_carpathians4|sic"
"c_bethen","lubliniec"
"c_betpa","aitbulat|aqkol_lake|aral_karakum_desert|arys_lake|belen_ana|bolgan_ana|hunger_steppe|karakoyin_lake|shalkarteniz_lake|talmas_ata"
"c_bezichi","borovichi|lyubytino|moshenskoye|troshovo"
"c_beziers","beziers|lodeve|agde"
"c_bhakkar","bhakkar|shikarpur"
"c_bhaktapur","lalitpur"
"c_bhera","bhera"
"c_bhumilka","mangrol"
"c_bianzhou","kaifeng|fengqiu|fugou|qixian|taikang|tongxu|weishi|xinzheng|yanling"
"c_bigorre","tarbes"
"c_bihar","bihar|beius|cheresig|debrecen|oradea"
"c_biia","barnaul|berdsk|chesnokovka|kalmanka|suzun"
"c_bikrampur","bikrampur|fathabad|chandpur"
"c_bilizma","bades|bades_mountain1|bades_mountain2|bir_el_alter|biskra|chott_melrhir|madila|sbiba_mountain|sidi_okba|tolga"
"c_bilma","bilma|fachi"
"c_bindugu","san"
"c_bingo","ashida|eso|kameshi|miyoshi|nuka|sera"
"c_binh_dai","angkor_borei|phnom_penh|prasat_pram_lovet|srey_sarchhor|vyadhapura|angkor_knong|chhmuoh_thmei|kampong_roessei|prey_nokor|rong_damrel|tuol_ta_mouk"
"c_binh_long","kracheh|sampheak_borak|tboung_khmum"
"c_binh_nguyen","binh_nguyen"
"c_binzhou","bohai|lijin|wudi|zhanhua|xinping|sanshui"
"c_binzhou_1","lingfang|shanglin|heshui"
"c_bir_amir","sinawin"
"c_birsk","askino|baltas|burayevo|perm_forest_3|ufa"
"c_bisha","al_abala|al_amlah|ash_shaqiqah|qalat_bishah|raghdan|ranyah"
"c_biskra","biskra|badis"
"c_bitchu","aka|asakuchi|katou_bicchuu|kaya"
"c_bithynia","atpazari|izmit|silli|uskudar"
"c_biton","alvsby|bodebyn|branna|bygdea|byske|gratesk|hienatiemi|kiemi|kittila|lulea|pajala|pitea|ranea|rovaniemi|skelleftea|tornea|umea|vindeln"
"c_biun","botou|libore|makalondi|mansila|say|matiakoali|nungu|pama|tambaga|gaia|tanda|tounouga|yelou"
"c_bizen","joutou|tsudaka|wake"
"c_bizhou","tongjiang|fuyang"
"c_blankenburg","blankenburg"
"c_blekinge","bregne|ronneby|solvesborg"
"c_blois","blois|chateaudun|romorantin|st_aignan|vendome"
"c_bochuan","bochuan|bozhou"
"c_bodele","agadem|bilma|dirkou|djado|erg_of_bilma|fachi|sahel_corridor14|sahel_corridor20|seguedine"
"c_bodrog","bodrog|zenta"
"c_boeotia","atalanti|athens|lake_kopais|livadeia|megara|thebes"
"c_boleslav","frydlant|mlada_boleslav|turnov"
"c_bolghar","bolghar|almetyevsk|bilyar|cukataw|zainsk"
"c_bologna","bologna|medicina|vergato"
"c_bombogor","baidrag|biger|boontsagaan|khalzan_shireg|khangain_mountains|khangal|khasagt_khairkhan|lake_boontsagaan|lake_orog|naran|orog|tuin"
"c_bome","chumdo|lhari|nyainqentanglha4|pome|shukden"
"c_bonduku","banda_ahenkro|begho|bondoukou|bono_manso|dormaa|kintampo|sampa|techiman"
"c_bono","banda_ahenkro|begho|bondoukou|bono_manso|dormaa|kintampo|sampa|techiman"
"c_bonoso","banda_ahenkro|begho|bondoukou|bono_manso|dormaa|kintampo|sampa|techiman"
"c_bordeaux","bordeaux"
"c_bornholm","hammershus|helsingor|kalundborg|kobenhavn|ringsted|roskilde|slagelse|vordingborg"
"c_bornu","gambaru|gubio|marte|ngazargamu|yo"
"c_boro_burgasu","altayn_ovor_gobi|barkol_mountains|barkul|naomao|santokhe|zuun_garyn_gobi"
"c_boron","bouake|daloa|daoukro|ngokro|seguela|boundiali|katiola|korhogo|morondo"
"c_borsod","borsod|miskolc"
"c_boseong","boseong"
"c_bost","bost|baghran|deh_kundi|gereshk|kajran|musa_qala|paropamisus_mountains3|paropamisus_mountains5|tarinkot|delaram"
"c_bothin","sandnes"
"c_botum_sakor","kampong_saom|koh_kong|mueng_thung_yai|peam"
"c_boubo","fresco|grand_lahou|guinean_jungle|san_pedro|sassandra"
"c_bouillon","bouillon"
"c_boulogne","abbeville|hesdin"
"c_bourbon","bourbon|huriel|jaligny|molins|montlucon|st_gerand|vichy|boussac"
"c_bozhou","bozhou|renhuai|shaxi|wujiang_bozhou|zizhou|chengfu|mengcheng|luyi"
"c_bozhou_1","bozhou|liaocheng|gaotang|enzhou|xiajin"
"c_brabant","brussels|leuven|nivelles|turnhout"
"c_braganza","aguiar|braganca|chaves|macedo|miranda_de_i_douro|mirandela|moncorvo|montalegre|vila_real"
"c_braila","braila|ramnicu_sarat"
"c_brandenburg","brandenburg|potsdam"
"c_branicevo","branicevo|kucevo|ravno"
"c_braslau","utena"
"c_bratsk","bratsk|chuva|nizhneudinsk|siberia_kuytun|siberian_wasteland_17|staraya_zima|bura"
"c_brecknockshire","brecknock|brecon_beacons|builth|cambrian_mountains|radnor"
"c_breifne","cavan|dromahair|killeshandra|killycolly|leitrim|belcoo|longford"
"c_breisgau","freiburg|offenburg"
"c_bremen","bremen|verden|zeven"
"c_brene","torgau"
"c_brescia","brescia|asola|breno|lake_garda|nozza|palazzolo|salo_ita|bergamo|clusone|cortenuova|lake_iseo|rhaetian_alps6|zogno"
"c_breslau","kamienna_gora|niemcza|rychbach|swidnica|ziebice"
"c_bresse","bage|belley|bourg_en_bresse|gex|thoire"
"c_brie_francaise","melun|nemours"
"c_briey","etain|fresnes|longwy|verdun"
"c_brixen","brixen|bruneck"
"c_brno","brno"
"c_brugge","bruges"
"c_brunswick","brunswick|gifhorn|helmstedt|meinersen|wolfenbuttel"
"c_brysis","catalca|constantinople|corlu|silivri|vize"
"c_brzeg","brzeg|olawa"
"c_buchan","buchan|banff"
"c_buckinghamshire","aylesbury|buckingham|wycombe|newport"
"c_bucuresti","slobozia"
"c_bugur","bugur|manas"
"c_bugurslan","bizhbulyak|chishmy|davlekanovo|sterlibashevo|sterlitamak|turkmenevo|ulukulevo"
"c_bukhara","bukhara|chiroqchi|dengizkul_lake|firabr|kish_shahrisabz|koson|muborak|paikend|tim_samarkand"
"c_bulat","kashkanteniz|kyzylsay|moiynty|mukur|zhamshy"
"c_bumthang","bumthang"
"c_bundu","sare_dioulde|sutuko"
"c_bungo","amabe|hayami|hita|kunisaki|kusu|naoiri|ooita|oono_bungo"
"c_bur","buri"
"c_bura","bura"
"c_bure","kankan|kouroussa|nounkonkan|tabon|siguiri|diakha"
"c_burgas","burgas|anhialo|aytos|lardeja|rusokastro|sozopol"
"c_burgasutai","anding_suzhou|dangcheng|guazhou|hala_nur|kuyu_shazhou|mazongshan|niuquanzi|shazhou|yangguan"
"c_burgau","augsburg|dillingen|gunzburg|illereichen|krumbach|memmingen|wertingen"
"c_burgos","burgos|briviesca|demanda_range|logrono|miranda_de_ebro|najera|villarcayo|lerma|aranda_de_duero|castrojeriz|sto_domingo_silos|villadiego|palencia|aguilar_de_campoo|carrion_de_los_condes|monzon_campos|palenzuela|reinosa|saldana"
"c_burhanpur","burhanpur"
"c_buri","buri"
"c_burji","dolo|harro_walabu|liban|mormor|tulu_nama_dun|tulu_walal"
"c_burqin","burqin"
"c_burugu_aallar","abakasnk|beya|idrinskoye|minusinsk|shushenskoye"
"c_busaso","bosaso"
"c_bussa","bussa|kaiama|moshi"
"c_buthrotum","corfu"
"c_buzachi","dead_kultuk|dead_kultuk_sor|kabakty|karatobe_mangyshlak|ketik_kala|kyzylkala"
"c_buzau","buzau|slobozia"
"c_buzen","mike|nakatsu|usa"
"c_byzantion","constantinople|catalca|corlu|silivri|vize"
"c_ca_mau","angkor_borei|phnom_penh|prasat_pram_lovet|srey_sarchhor|vyadhapura"
"c_cabardinia","alkhan_kala|argun|nazran|simsir|targim|tsontaroy_kala"
"c_cabra","antequera"
"c_caceres","caceres|alcantara|arroyo|brozas|valencia_de_alcantara"
"c_cadiz","cadiz|algeciras|arcos_de_la_frontera|gibraltar|jerez_de_la_frontera|medina_sidonia|sanlucar|tarifa"
"c_caernarfonshire","anglesey|carnarvon|conwy|denbigh|flint|harlech|penllyn|snowdon"
"c_cagliari","cagliari|gennargentu_mountains|isili|muravera|seddori|tortoli|tratalias|villa_di_chiesa"
"c_cairo","cairo|atfih|giza|menouf|qalyub"
"c_caithness","thurso"
"c_caizhou","ruyang|xiping|mingsha|pingyu|xincai"
"c_cakrakuta","kanker"
"c_calafat","calafat|strehaia"
"c_calarasi","radovanu"
"c_calatayud","calatayud|ariza|carinena|daroca"
"c_calatrava","calatrava|tomelloso"
"c_camarda","acerenza|lagonegro|matera|melfi|montepeloso|potenza|santarcangelo"
"c_cambray","cambrai|valenciennes"
"c_cambridgeshire","cambridge|ely|huntingdon|royston"
"c_cammin","czaplinek"
"c_campulung","targoviste|arges|pitesti"
"c_canarias","eastern_madeira_coast|north_eastern_atlantic52|north_eastern_atlantic53|north_eastern_atlantic54|north_eastern_atlantic55|north_eastern_atlantic56|north_eastern_atlantic57|north_eastern_atlantic58|north_eastern_atlantic59|north_eastern_atlantic60|north_eastern_atlantic61|north_eastern_atlantic65|north_eastern_atlantic66|north_western_tenerife_coast|northern_fuerteventura_coast|northern_tenerife_coast2|southern_fuerteventura_coast|southern_gran_canaria_coast|southern_tenerife_coast2|western_madeira_coast"
"c_canasha","phimai|khorat|nokor_reach_seyma|phanom_rung|thung_samrit|chaiyaphum|kaset_sombun|khon_san|mancha_khiri|nong_bua_lamphu|phetchabun_mountains|phu_wiang"
"c_canavese","ivrea|pinerolo|susa"
"c_canda","panar"
"c_candhoba","guna"
"c_candradvipa","east_sundarban|husaynabad|jaynagar|khulna|kulpi|west_sundarban"
"c_candragiri","padaividu"
"c_cangzhou","qingchi|lucheng|wudi"
"c_caozhou","chengwu|chuqiu|dingtao|jiyin|kaocheng"
"c_cappadocia","aksaray|bekarlar|bor_tur|eregli_kar|eskil|hatunsaray|insuyu|karapinar|kochisar|kulu_turkey|lake_tuz|larende|melendiz_mountains|middle_taurus_1|nigde|obruk|pirloganda"
"c_capua","gaeta"
"c_carcassonne","carcassonne|limoux|narbonne"
"c_cardiganshire","cardigan|aberystwyth"
"c_caria","bodrum|gokabat|golhisar|lake_koyceghiz|marmaris|megri|mugla|tavas|west_taurus_1|west_taurus_4|yuksekkum"
"c_carmarthenshire","carmarthen"
"c_carrick","ayr|dumfries|irvine|kenmure|kirkcudbright|stranraer"
"c_casentino","montefeltro"
"c_caslav","caslav|chrudim"
"c_castellon","ares_del_maestre|castellon_de_la_plana|llucena|morella|peniscola"
"c_castelo_branco","castelo_branco|idanha"
"c_caze","ang_laren_lake|dawa_lake|gangdise2|gangdise7|gyesar_lake|lake_trati_nam|lunggar1|mendong|palung_lake|rinchen_lake|samten|selephu|takkyel_lake|taruo_lake|zabuye_lake"
"c_central_tannu","den_terek|khemchik|tannu_ola_mountains1|ulug|usun|western_sayan_mountains"
"c_cephalonia","cephalonia|zakynthos"
"c_cerasus","akkus|bayramlu|giresun|mesudiye|terme|unye|west_pontus_mountains_1|west_pontus_mountains_2"
"c_cetatea_alba","cetatea_alba|tighina"
"c_cetina","sinj|split"
"c_ceuta","ceuta"
"c_chadrinsk","chimgi_tura|shadrinsk|stepnoye|tsaryovo_gorodishche|tugulym|yalutorovsk"
"c_chagdy_aallar","abakasnk|beya|idrinskoye|minusinsk|shushenskoye"
"c_chaghaniyan","termez|darzanji|basand"
"c_chah","nuket"
"c_chakangrao","chakangrao"
"c_chakla","daoba|hengduanshan5|kazhi|litang|nyachukha"
"c_chalkar","aitbulat|aqkol_lake|aral_karakum_desert|arys_lake|belen_ana|bolgan_ana|hunger_steppe|karakoyin_lake|shalkarteniz_lake|talmas_ata"
"c_chalkidike","polygyros|kassandreia"
"c_chalon","beaune|autun"
"c_chalons","chalons_champagne|epernay|menehould|reims|vertus"
"c_chamil","hami|geziyandun|nazhi"
"c_chandax","candia|chania|elounda|gergeri|hagios_pavlos|rethymno|siteia|viannos"
"c_chanderi","chanderi|jhansi"
"c_changzhou","ge_lake|jiangyin|tai_lake|wujin|wuxi|yixing"
"c_changzhou_1","yongchuan"
"c_chania","chania|rethymno"
"c_chaozhou","chaoyang|chengxiang|haiyang|huilai|jieyang|pantian|pingyuan_mei|puning|sanhe_chaozhou|sanrao|chuanzhou|lizhou|longshan|shenshui|xiankang|xingzhong|haining"
"c_charaideo","charaideo"
"c_charkliq","waxxari"
"c_charsianon","besni|east_taurus_2|east_taurus_8|gerger|kahta|kaysun|malatya|samsat"
"c_chartres","chartres|dreux|alluyes|belleme|mortagne|senonches"
"c_chauragarh","chauragarh|tendukheda|hoshangabad|handia"
"c_cheboksary","cheboksary|alikovo|atishchevo|kozmodemyansk|sviyazhsk|tsivilsk|vasilsursk|alatyr|bolshoye_murashkino|perevoz|sechenovo|sergach|spasskoye_lyskovo"
"c_chelabinsk","chelyaba|irtyash|kaslinsky|kyshtym|polevskoy|uvildy|uyelgi"
"c_chengdu","chengdu|jintang|pixian|shuangliu|xindu"
"c_chengji","chengji"
"c_chengzhou","chengzhou|tonggu"
"c_chenzhou_1","chenxi|huaihua|luxi|madi_yuanling|xupu|yuanling|yongxing|yizhang"
"c_cheongju","cheongju|yeonsan"
"c_cherchen","altun_shan1|charchan|charklik|kunlun9|niya|qietai|taklamakan3|tatrang|waxxari"
"c_cherik","chatyr_kol_lake|cholok_kaiyn|chon_naryn|jumgal|ketmen_tobe|koshoy_korgon|naryn|song_kul_lake|tian_shan11|tian_shan12|tian_shan13|tian_shan8|tian_shan9|aksu|bai_xinjiang|kucha|kumtura|qumbash|shayar|tian_shan2|tian_shan3|uqturpan"
"c_cherkassy","kashan"
"c_chernigov","gomel|chachersk|dobrush|tereshkovichy|volosovichy"
"c_cherso","krk"
"c_cherven","cherven|kholm"
"c_cheshire","chester|macclesfield|nantwich"
"c_chiang_khaeng","chom_khao_maneerat|hongsa|muang_luang_phukha|muang_sing|muang_xay|phou_mountains|vieng_phouka"
"c_chiang_rung","kengtung|mong_hpayak|mong_hsat|mong_yang|mong_yawng|mongping"
"c_chich","astrodym|chany|kainsky_pas|kargat|kyshtovka|lake_sartlan|lake_uryum|sartlan|taskayevo|ubinskoye"
"c_chikoy","khilgo|khilgoson|sulkhari|ung"
"c_chikugo","kamitsuma|mii"
"c_chikuzen","asakura|hakata|mikasa|onga"
"c_chilia","chilia"
"c_chindu","bayan_har_mountains1|dzagyal|jyekundo|khana|lab|lungsho|serkar"
"c_chios","chios|ikaria|samos"
"c_chitrakut","rampura"
"c_chitral","chitral|mastuj|mulkhow|urtsun|yarkhun"
"c_chizhou","dongliu|guichi|qingyang|shidai|tongling|anhua|baimachen|heshui|huachi|huanzhou_qingyang|ningzhou|zhenning_qingyang"
"c_choklema","gorodok|kholm_tver|lotoshino|mikulino_tver|zubtsov"
"c_cholamandalam","tirukoilur|nagapattinam"
"c_chonae","bodrum|gokabat|golhisar|lake_koyceghiz|marmaris|megri|mugla|tavas|west_taurus_1|west_taurus_4|yuksekkum"
"c_chornobyl","chornobyl|belaya_soroka|brahin|khoiniki|kholmyech"
"c_chuguchak","alakol_lake|balruq|dahra_sasykkol|emin|ilanbalyk|koktuma|koshkarkol_lake|sasykkol_lake|targabatay|targabatay_mountains|toli"
"c_chulym","kolchugino|mariinsk|siberian_wasteland_14|verkh_chebula|verkhotomsk"
"c_chumarho","bayan_har_mountains2|dalungsai|dorger_lake|drichu|duolundu|hoh_sai_lake|hoh_xil|hoh_xil_lake|jilibulake|jurhen_ui|kunlun|kunlun4|lebxewudan_lake|qumarleb|sharu|tanggula2|ulan_ui_lake|xijir_ulan_lake|zhognai_lake"
"c_chumkar_kia","aybas|ayrkol_lake|kabyrga|karaturgay|turgay|zhaldama"
"c_chuna","biryusa"
"c_chunar","chunar|kantit"
"c_chungju","chungju|danyang_korea|eumseong|goeju|jecheon|jangyeon|boryeong"
"c_chungthang","dalingkot|gangtok|phari|tsunthang|yuksom"
"c_chunju","chunju|hoengcheon|hongcheon"
"c_chunzhou","yangchun"
"c_chupka","aron_cape|chirippu_cape|mekkari_cape|nobitsu_cape|north_western_pacific10|north_western_pacific8|okhotsk_high_sea5|okhotsk_high_sea7|sango_cape|seoroshi_cape"
"c_churuk","sam"
"c_chuya","chuya"
"c_chuzhou","laian|qingliu_chuzhou|quanjiao|zhaoxin|lishui|longquan|songyang|qingtian|jinyun"
"c_chuzhou_1","shanyang|yancheng|baoying|xuyi"
"c_chuzhou_2","qingliu|quanjiao"
"c_cieszyn","bielsko"
"c_cilicia","tarsus|candir_cil|corycus|molevon|adana|ayas|iskenderun|kars_armenia|nur_mountains_1|nur_mountains_2"
"c_cizhou","fuyang|shexian_cizhou|wuan"
"c_clermont","clermont|noyon|saint_quentin"
"c_clermont_sur_allier","allegre|brioude|clermont|riom|thiers|vic_le_comte|vodable"
"c_cleves","kleve|wesel"
"c_coburg","coburg|lichtenfels"
"c_coimbra","coimbra|leiria|obidos"
"c_colmar","colmar"
"c_cologne","cologne|bonn|neuss"
"c_colonea","bayburt|erzincan|erzurum|ilic|kelkit|kemah|kose_mountains_2|mescit_mountains|otlukbeli_mountains|sebinkarahisar|siran|tercan"
"c_comai","chikchar|gonpatsi|himalaya18|lake_puma_yumco|lho_taklung|lhodrak|tragor|trigu|yamdrok_lake|zangchen"
"c_comminges","aspet|muret|north_eastern_pyrenees1|saint_gaudens|saint_lizier"
"c_como","como|bellinzona"
"c_cona","chikchar|gonpatsi|himalaya18|lake_puma_yumco|lho_taklung|lhodrak|tragor|trigu|yamdrok_lake|zangchen"
"c_connacht","galway|athenry|clifden|kilconnell|lough_corrib|lough_derg|tuam"
"c_constanta","constanta"
"c_constantine","bazer_sakhra|constantine_ALG|ikjan|mila|ngaous|sebkhat_sokhna|tijis"
"c_coqen","ang_laren_lake|dawa_lake|gangdise2|gangdise7|gyesar_lake|lake_trati_nam|lunggar1|mendong|palung_lake|rinchen_lake|samten|selephu|takkyel_lake|taruo_lake|zabuye_lake"
"c_cordoba","cordoba|baena|carpio|espiel|fuenteovejuna|lucena|palma_del_rio|pedroche|santa_eufemia"
"c_cornouaille","carhaix|chateaulin|le_faou|quimper|quimperle"
"c_cornwall","bodmin|launceston|scilly_isles|truro"
"c_coruna","coruna|betanzos|ferrol|mondonedo|vivero"
"c_cosenza","cosenza|castrovillari"
"c_cottbus","cottbus|lubben"
"c_coulommiers","provins"
"c_cozhelhoma","bairab|bangda_lake|cemar|changtang|cozha|dagze|dagze_lake|dogai|doke_jangtso_lake|doke_lake|dorsotung|dorsotung_lake|gerze_tibet|hoh_xil_mountains2|kotra_lake|lumajangdong_lake|mitijangazanmo_lake|ngangba_lake|orba_lake|tanggula3|tong_lake|ustun_tag|yurba"
"c_craiova","craiova|corabia|dragasani"
"c_cremona","cremona|casalmaggiore|lodi|soncino"
"c_csanad","csanad|kikinda|mako|szeged"
"c_csongrad","felegyhaza|halas|szeged|zenta"
"c_cuellar","cuellar|segovia|eastern_central_system1|eastern_central_system2|eastern_central_system3|fuentiduena|pedraza|sepulveda"
"c_cuenca","cuenca|beteta|canete|huete|iberian_system|molina_de_aragon|pareja|torralba|zorita"
"c_cumberland","carlisle|cockermouth|derwent_water|egremont|penrith"
"c_cumbum","cumbum|ahobalam"
"c_cuneo","cuneo|saluzzo|carmagnola|chieri|cottian_alps2|cottian_alps3|mondovi|alba|ceva|ligurian_alps"
"c_cuonaco","drangtse|gangdise1|gartok|hanle|himalaya14|ormogang|pangong_lake|rala|rutok|spanggur_lake|tashigang|tsherlung"
"c_cykma","kovernino|krasnye_baki|semyonov|sharanga|tonshayevo|uren|varnavino|vetluga"
"c_czerska","czersk|garwolin|grojec|liw"
"c_dabou","assinie|cosrou|grand_bassam|toumodi"
"c_daboya","daboya|leo"
"c_dabusiya","bukhara|chiroqchi|dengizkul_lake|firabr|kish_shahrisabz|koson|muborak|paikend|tim_samarkand"
"c_dadhipadra","champaner"
"c_dafang","dafang"
"c_dagomba","yendi|salaga"
"c_dagon","dagon"
"c_dahlak","dahlak"
"c_daizhou","daizhou|guozhou|jianzhou_daizhou|taihangshan8|taizhou"
"c_dakajalan","mani"
"c_dakhina_desa","kotte"
"c_dakhla","dakhla|mut"
"c_dakkar","dakkar|arabi|awbare|dire_dawa|harar|jeldesa"
"c_dal","dalaborg"
"c_dalabergslagen","leksand"
"c_dalarna","avesta|falun|floda|grange|hedemora|idre|leksand|malung|mora|orsa|siljan|soderbarke|stora_tuna"
"c_dali","binchuan|erhai_lake|langqiong|menghua|qingshuilangshan|taihe_dali|wujing|yangbei|yunlong|yunnan|dian_lake|fumin|kunming|lufeng|songming|yiliang"
"c_daman","daman"
"c_damascus","damascus|nawa"
"c_damghan","damghan|bastam|elburz_mountains10|elburz_mountains9|lasjerd|qumis|semnan"
"c_damietta","damietta|tinnis"
"c_damin_i_koh","deogarh"
"c_damoh","damoh"
"c_damot","bilo|gambo|maldarede|jibat"
"c_damxung","bam_lake|drong_lake|dung_lake|gangdise3|gonkri|jargo_lake|kyebxang_lake|lake_nam|lake_ngon|lake_urru|namtso_doring|pangkog_lake|pung_lake|reu_lake|ronglung|siling_lake|tsedzong|tsonga_lake|zagya|zige_tangco_lake"
"c_danakil","bayul|buri|dallol|edd|horn_deserts"
"c_dang","dang"
"c_dangla","bayan_har_mountains2|dalungsai|dorger_lake|drichu|duolundu|hoh_sai_lake|hoh_xil|hoh_xil_lake|jilibulake|jurhen_ui|kunlun|kunlun4|lebxewudan_lake|qumarleb|sharu|tanggula2|ulan_ui_lake|xijir_ulan_lake|zhognai_lake"
"c_dangseong","gwangju|icheon|namgyeong|suwon"
"c_dannenberg","dannenberg|luchow|gifhorn"
"c_danzhou","yichuan"
"c_danzhou_1","yilun|changhua|ganen"
"c_danzig","gdansk|gniew|koscierzyna|mirochowo|puck|tczew"
"c_daozhou","jianghua|nanling3|ningyuan|yingdao|yongming|binchuan|erhai_lake|langqiong|menghua|qingshuilangshan|taihe_dali|wujing|yangbei|yunlong|yunnan"
"c_dar-al-rih","malha"
"c_dar_al-said","kundi"
"c_dar_rashid","aoukale|bahr_salamat|birao|iro_lake|salamat|sarh|tiwal"
"c_dar_sila","abesehir|am_dam|guereda|hadjer_haddid|ouara"
"c_dara","dara"
"c_darabjerd","darab|hajjiabad_zarrindasht|jannat_shahr|rostaq|tarom|zagros_mountains21"
"c_daramdin","dalingkot|gangtok|phari|tsunthang|yuksom"
"c_darcha","himalaya5|padum|phuktal|zangla"
"c_darghan","darganata|hazarasp|karakum_desert1|kattashor_lake|khiva|kyat_kala|nyzvar|urgench|vezir"
"c_darkhad_valley","balyktyg|buren_khem|busiyn|eastern_sayan_mountains2|kaa|lake_dood_tsagaan|tannu_ola_mountains2"
"c_darmashan","adraskan|azab|firuzkuh_afghanistan|khaysar|paropamisus_mountains2|shindand"
"c_dasapura","agar|bhanpura|dhar|indore|jabhua|mandsaur|rampura|ratlam|ujjain"
"c_dathina","ahwar|al_qara|jurrah|lawdar|shuqra|saqra|azzan|nisab"
"c_datong","baideng|datong_datong|huairen|taihangshan3|tiancheng|xuanning|yulin_datong|yunchuan"
"c_datong_2","yunzhou|huairen|wuzhou|cangwu|dongan|fengchuan|huaiji|rongcheng|xuande"
"c_daura","daura|zinder|guidimouni|kelle|mirriah"
"c_dausar","araban|busayrah|jabar|madinat_far|makisin|raqqa"
"c_dawaro","barara|central_east_ethiopian_mountains|sharka|ziqwala"
"c_dawraq","ahvaz|dowraq|hamidiyeh|hoveyzeh|mosharahat|muhammerah"
"c_dawu","dawu"
"c_debar","debar"
"c_debul","thatta"
"c_dege","derge|hengduanshan6|hengduanshan7|jomda|katok|kharak|sibda|tromge|wara_kham"
"c_degelen","arkat|kaynar_atbai|sarybulak|takhir|zhanaarka"
"c_delhi","delhi|gurgaon|jind|panipat|rohtak"
"c_dembiya","debarq|kosoge|waldeba"
"c_demchok","hanle"
"c_demetrias","demetrias"
"c_denbighshire","denbigh"
"c_dendi","gaia|tanda|tounouga|yelou"
"c_dengqen","biru|nyainqentanglha5|pembar|riwoche|samda|shopando|sok|tengchen|yangdzong"
"c_dengzhou","changshan_islands_wastelands|dasong|huangxian|jiangshan_laiyang|laiyang|penglai|qixia|zhaoyuan|muping|wendeng"
"c_dengzhou_1","xinye|nanyang|biyang|nanzhao|qingtai|tanghe|tongbai|zhenping|neixiang"
"c_denia","denia|alcoy"
"c_deqen","adeqiu|gongshan|lanzhou_lanzhou|luzhang|nushan|zhiziluo|zhuluo"
"c_derbent","derbent|kumukh"
"c_derby","derby|chesterfield"
"c_derlenka","altun_shan2|altun_shan3|balgatai|chogyal_khar|dongbabuxun_lake|dsun|gashun|gongtai_ji_naier_lake|hala_lake|kunlun6|kunlun7|nalinggele|north_hulsan_lake|qilianshan3|temirlik|tsaidam|tsaidam_dunes|yuka"
"c_derna","derna"
"c_desmond","carbery|dunhallow|kilbrittain|killarney|muskerry|tralee|cork|fermoy|kinsale|youghal"
"c_dessau","zerbst"
"c_deungju","deungju|uiju|hwaju"
"c_devagiri","jalna"
"c_devon","bampton|barnstaple|bideford|dartmoor|exeter|okehampton|plymouth"
"c_dezhou","ande|deping|lingzhou_dezhou|linyi_jinan|pingyuan_jinan|qihe|yucheng|dongguang"
"c_dhafra","abu_dhabi|al_ayn|al_dhaid|dubai|julfar|liwa|marawah|sharjah"
"c_dhamalpur","morvi"
"c_dhankar","tabo"
"c_dhara","agar|bhanpura|dhar|indore|jabhua|mandsaur|rampura|ratlam|ujjain"
"c_dhofar","dhufar|raysut"
"c_dhraina","akjoujt|arguin|awlil|nouakchott|nouamghar|rosso"
"c_diamare","kalfou"
"c_dibri","fresco|grand_lahou|guinean_jungle|san_pedro|sassandra"
"c_dihistan","dehistan|faraveh|ganlygala|gazanjyk|jargalan|maraveh|sarlawuk|small_balkhan"
"c_dijon","dijon|gray|chaumont"
"c_dimapur","dimapur|maibong"
"c_dinawar","andarab"
"c_dingzhou","anxi_dingzhou|quyang|xingtang|xinle|anxi"
"c_dipalpur","dipalpur"
"c_dirku","agadem|bilma|dirkou|djado|erg_of_bilma|fachi|sahel_corridor14|sahel_corridor20|seguedine"
"c_diskit","charasa|himalaya1|himalaya2|himalaya3|kargil|karpokhar|lamayuru|leh|shey"
"c_ditmarschen","heide|kiel|pinneberg|plon|rendsburg|segeberg|steinburg|stormarn"
"c_dizhou","yanci|bohai|shanghe"
"c_djado","djado"
"c_djanet","djanet"
"c_djarin","khawr_baraka"
"c_djerba","abalessa|abalessa_djanet_corridor|ain_abalessa_corridor|connector_libya1|connector_libya8|djanet|djanet_ghadames_corridor|ghadames|ghadames_ouargla_corridor|in_amenas|sinawin|tademait_plateau1|tozeur_ghadames_corridor|west_grand_erg_oriental1|west_grand_erg_oriental2"
"c_djugu","agbonle|bussa|kaiama|nikki"
"c_dnipro","kodak|kryvyi_rih|mykytyn_rih|myshuryn_rih|sofiivka|tomakivka"
"c_dobrzynska","dobrzyn|lipno|rypin"
"c_dodugu","segou"
"c_dokkum","appingedam"
"c_dole","dole"
"c_dolgujar","vagay"
"c_dondan_oilik","karakax|keriya|khotan|kunlun2|lop|qira|taklamakan5"
"c_dong_si_mahosot","khorat"
"c_dongchuan","dongchuan|qiaojia|tangdan|zhehai|yilong"
"c_dongguan","dongguan|baoan_dongguan|guanfu|baoan"
"c_dongju","dongju|pyeonggang|icheon"
"c_dongola","dongola"
"c_donjikraji","jajce"
"c_dorohoi","dorohoi|harlau"
"c_dorohychyn","kobryn|dabuchyn|hajnowka|kamyenyets"
"c_dorostorum","ktenia|ovech|razgrad|shumen|targoviste_BUL|varna|veliki_preslav|tutrakan"
"c_dorpat","tartu|valka|vastseliina|vonnu"
"c_dorset","dorchester|poole|shaftesbury|weymouth"
"c_dortmund","dortmund|essen|recklinghausen"
"c_doti","acham|ajayameru|bajhang|dipayal|kailali|kanchapur"
"c_doudleby","krumlov|bechyne"
"c_draa","el_djouf2|el_djouf4|laayoune|sahel_corridor31|sahel_corridor32|sahel_corridor33|smara|tantan|tindouf"
"c_dresden","dresden|freiberg"
"c_duanzhou","gaoyao|sihui"
"c_dublin","dublin|fingal|glendalough|wicklow|wicklow_mountains|kildare|athy|daingean|dunamase|naas|trim|drogheda"
"c_dubrovytsia","dubrovytsia|stepan|liubeshiv"
"c_duklja","bar_cg|gradina|kotor|lake_skadar|onogost|podgorica"
"c_dunbar","dunbar|berwick"
"c_dunhuang","miran"
"c_duqm","al_aflaj|al_haddar|laila|qasr_himam|rub_al_khali1"
"c_durham","durham|darlington|pennines_03|stockton"
"c_durne","mosbach"
"c_durovka","bondari|kirsanov|mordovo|morsha|rasskazovo|sasovo|staroyuryevo|tambov|uvarovo|zherdevka"
"c_duvan","atach|ishkul|kumak|namjan|or_aktobe|suyunduk|tanalyk|yaik"
"c_dvaraka","lalpur|bhanvad"
"c_dvin","gladzor|goris|julfa|kapan_armenia|lesser_caucasus_mountains10|lesser_caucasus_mountains8|nakhchivan|tatev"
"c_dyamare","dosso|dongondoutchi|kaouara|koure|loga|gaya"
"c_dyrrachion","ballsh|berat|debar|devol|durres|elbasan|kavaje|kruje|tirana"
"c_dyulaso","bankuy|boromo|faramana|hounde|kirikongo"
"c_east-tokharestan","khulm|andarab|baghlan|mila"
"c_east_darfur","ed_daein|malha|masa_sud|nyala|shakka|taweisha|wara"
"c_east_kiilt","akkala|alakurti|koliskoj|lapland_taiga2|lapland_taiga3|mootka|nuorttijarvi|pechenga|prirechnyi|suonikyla"
"c_east_riding","bridlington|hull|norton|selby"
"c_eastern_tannu","den_terek|khemchik|tannu_ola_mountains1|ulug|usun|western_sayan_mountains"
"c_ebi-nor","alatau|borohoro1|bortala|ebi_lake|jing|kuytun|sayram_lake|urghtbulaq|usu_xinjiang"
"c_echigo","higashikanbara|higashikubiki|iide_mountains|iwafune|kariwa|kitauonuma|koshi|minamiuonuma|nishikanbara|nishikubiki|nutari|kamo|sawata"
"c_echizen","imadate|nakaoono|nyuu|sakai_echizen|tsuruga"
"c_edd","edd"
"c_edessa","edessa"
"c_edo","amaigbo|awka|azia|igbo_ukwu|nnewi|onitsha|ozoro"
"c_eghiz_kara","terekti"
"c_eichstadt","beilngries|eichstatt|neumarkt|parsberg|weissenburg"
"c_el_fasher","ed_daein|malha|masa_sud|nyala|shakka|taweisha|wara"
"c_el_waak","garreh|north_dahalo|north_sakuye|south_sakuye"
"c_elabuga","izhevsk|mozhga"
"c_eleila","el_eleila"
"c_elvas","elvas|nisa|crato"
"c_em_akhulun","avraga|kherlen|rahsaan_khad|uguumur|undurkhaan"
"c_em_dadaels","bayan|choyrin_datsan|gazrin_chuluu|takhilyn|ulziit"
"c_em_dutulun","bayan|choyrin_datsan|gazrin_chuluu|takhilyn|ulziit"
"c_em_gobidada","gimpil_darjaalan|ongiin_khiid|shaazan_khot|shaazan_tolgoi|suriig"
"c_em_hepung","avraga|kherlen|rahsaan_khad|uguumur|undurkhaan"
"c_em_karakopi","bishreit|dalay|doloodyn_gobi|ikh_narttin_chuluu|saikhandulaan|ulaanbadrakh"
"c_em_khartereg","matad|sharga_uul|sumtiin|tavan_tolgoi|zara_uul"
"c_em_kherulendada","avraga|kherlen|rahsaan_khad|uguumur|undurkhaan|bayan|choyrin_datsan|gazrin_chuluu|takhilyn|ulziit|bishreit|dalay|doloodyn_gobi|ikh_narttin_chuluu|saikhandulaan|ulaanbadrakh"
"c_em_zhen","kedun|khan_khentii1|khar_bukhyn|kharuukh|manzushir|tuul|urga"
"c_eman_amgun","amgun"
"c_eman_beihean","achan|boli|lake_bolon|lake_khummi|nemptu|simmi|uninka|xungake"
"c_eman_birija","birma|gromatukha|tehcha|tom|tygde|yor"
"c_eman_boli","boli"
"c_eman_choripi","bidzhan|bira|kukan|kur|sutara|urmi"
"c_eman_heishuiyang","achan|boli|lake_bolon|lake_khummi|nemptu|simmi|uninka|xungake"
"c_eman_kerin","pilda"
"c_eman_khadul","akishma|olongki|tujun|tyrma|upper_nioman|urgal"
"c_eman_mohean","futi|lahasusu|nuoluo|shuangyashan|tulguur"
"c_eman_molihewen","achan|boli|lake_bolon|lake_khummi|nemptu|simmi|uninka|xungake"
"c_eman_murkonno","bira|pichan"
"c_eman_nimen","dalaiketun|nemeri|northern_daqing_lakes|sart|southern_daqing_lakes|talaha|yilaha|zhalong"
"c_eman_nurgan","nurgan"
"c_eman_tudali","bureya"
"c_eman_tugur","tugur|usalgin"
"c_eman_turma","aigun|arkhara|chenqing|jiajin|nioman|xunhe|zhanhe"
"c_eman_urehokto","aigun|arkhara|chenqing|jiajin|nioman|xunhe|zhanhe"
"c_eman_urmi","urmi"
"c_eman_vanda","bayan_susu|hailun|hulan|hvlan|lake_qingken|ougen|dalaiketun|nemeri|northern_daqing_lakes|sart|southern_daqing_lakes|talaha|yilaha|zhalong"
"c_eman_wuguihai","alchan|bikinka|imanka|katen|vaka|xunka"
"c_eman_yam_alin","yam_alin"
"c_eman_yerenhe","alchan|bikinka|imanka|katen|vaka|xunka"
"c_emil","alakol_lake|balruq|dahra_sasykkol|emin|ilanbalyk|koktuma|koshkarkol_lake|sasykkol_lake|targabatay|targabatay_mountains|toli"
"c_ennis","ennis"
"c_enzhou","enzhou|enping|yangjiang|duling"
"c_epeiros","ioannina|konitsa"
"c_eranad","kanyakumari|kollam|kottarakkara|pandalam|s_cardamom_hills|thiruvananthapuram"
"c_erbach","erbach"
"c_eschenlohe","tolz"
"c_essex","barking|chelmsford|colchester|hedingham|prittlewell|walden"
"c_esztergom","esztergom"
"c_etchu","imizu"
"c_eu","fecamp|aumale"
"c_euboea","eretreia|karystos|kleisoura|kymi|negroponte|oreos"
"c_euchaita","corum|gumus|huseyinabad|iskilip|sungurlu"
"c_evreux","evreux"
"c_ewaso_ngiro","central_dahalo|maasai|samburu|sanye"
"c_ewe","anecho|glexwe|hulagan|keta|kpalime|notse|tado"
"c_eystridalir","avesta|falun|floda|grange|hedemora|idre|leksand|malung|mora|orsa|siljan|soderbarke|stora_tuna"
"c_ezhou","jiangxia|puqi|wuchang|chongyang|jiayu|jinkou|liangzi_lake|tongcheng_wuchang|xianning|yongxing"
"c_faereyar","torshavn"
"c_fafan","hargeisa"
"c_falaj","al_haddar"
"c_falkenstein","balingen|erbach_swabia|heidenheim|helfenstein|hohenberg|riedlingen|sigmaringen|ulm"
"c_famagusta","famagusta|soli"
"c_fangzhou","baihekou|banqiao|baokang|bomoping|fangling|fengxi|zhushan|zhuxi|zhongbu|chengcheng"
"c_fangzhou_1","fangling|zhushan|yongqing"
"c_fanhe","ganzhou|hongshui|liyuan|qidaban|qilian|qilianshan1|shandan"
"c_fante","accra|akropong|anomansah|cabo_corso|mankessim|winneba"
"c_farafra","ashmunayn|connector_egypt9|manfalut|minya|north_western_desert|tahna"
"c_farah","farah|anardara|doroh|lash_joveyn|sarbisheh|shahr_sabz"
"c_farama","warrada"
"c_faras","faras"
"c_farava","anew|dargaz|durun|karakum_desert2|konjikala"
"c_faro","faro|mertola"
"c_fayyum","beni_suef|el_bahnasa|faiyum|lake_qarun|sharuna"
"c_fazaz","anfa|azemmour|bejaad|mrirah|rabat|settat|tegeget|thagia"
"c_fazughli","fazughli|al_rusayrisi"
"c_feher","aiud|alba_iulia|cetatea_balta|deva|felvint|hateg|hunedoara|southern_carpathians4"
"c_fellata","bousso|guelengdeng|massenya|tele_nugar"
"c_fengxiang","fengxiang|baoji|fufeng|linyou|longan|longzhou_fengxiang|meixian|qianyang|qishan"
"c_fengzhou","fengzhou|guochuan|liangquan|liuba|qinlingshan4|hechi"
"c_fenzhou","jiexiu|pingyao|xiaoyi|xihe|lingshi"
"c_ferghana","akhsikath|asht|karasuu|kasan|kerben|pop_fargana"
"c_fermo","fermo|macerata"
"c_ferrara","ferrara|argenta|comacchio|ficarolo|lagoon_of_comacchio|rovigo"
"c_fes","azrou|baht|fez|la_mamora|meknes|sale|tefelfelt|volubilis"
"c_fetegar","barara|central_east_ethiopian_mountains|sharka|ziqwala"
"c_fife","cupar|dunfermline|st_andrews"
"c_figuig","figuig"
"c_fika","damaturu|daniski|kalam_hill|potiskum|gombe"
"c_finland","abo|nystad|poytis|sauvo|rauma"
"c_finnveden","albo|konga|ljungby|trollaborg|uppvidinge|vallsjo|vaxjo|vetlanda|waestbo"
"c_firabr","firabr|paykend"
"c_firaun","connector_egypt14|connector_egypt15|el_jundi|el_tor|faran|nuweiba|saint_katrine|sinai_desert"
"c_firdafylki","aurland|eid|jotunheim|laerdal|norway_wasteland_c|sogndal|stryn|sunnfjord|vik"
"c_firenze","florence|volterra"
"c_fitri","am_djemena|djedaa|lake_fitri|mongo|oum_hadjer|yao"
"c_fogaras","brasov|cincu|fagaras|medias|sebes|sibiu|sighisoara|southern_carpathians2"
"c_foggia","foggia|lucera|larino"
"c_foix","foix|mirepoix|pamiers|tarascon"
"c_forcalquier","forcalquier|apt|gap|briancon"
"c_forez","feurs|montbrison|roanne"
"c_fraga","fraga|monzon"
"c_frankfurt","frankfurt|maastricht|roermond|venlo|weert|hanau"
"c_freistadt","freistadt|zwettl"
"c_french_leon","brest|st_pol_de_leon"
"c_frisia","leeuwarden|harlingen"
"c_friuli","aquileia|cividale|gemona|pordenone|spilimbergo|tolmezzo|udine"
"c_frontenhausen","burghausen"
"c_fudalhi","dolo|harro_walabu|liban|mormor|tulu_nama_dun|tulu_walal"
"c_fuerteventura","maxorata"
"c_fulda","fulda|hersfeld|lauterbach"
"c_funing","funing|changshi|fuan|ningde|ningzhou"
"c_fuqi","buha|caka|caka_lake|chabcha|dulan|dungkar_amdo|guolimu|kunlun5|qardam|qilianshan4|qinghai_lake|sanjiaocheng"
"c_furstenberg","furstenberg"
"c_futa_jalon","bandafassi|gueme_sangan|konkoure|labe|timbo|tuba"
"c_fuzhou","fuzhou|changle_fujian|gutian|houguan|lianjiang|luoyuan|minqing|minxian|yongfu_fuzhou"
"c_fuzhou_1","fuzhou|lianjiang|fuqing|gutian"
"c_fuzhou_2","fuzhou|linchuan|jinxi|yihuang|chongren|lean"
"c_fuzhou_3","fuzhou|jingling|hong_lake|xindi|yusha|jianli"
"c_fuzhou_4","fuzhou|wulong"
"c_fuzhou_5","fuzhou|luojiao|luochuan"
"c_fyn","odense|svendborg"
"c_gabal","gendebelo"
"c_gabes","gabes"
"c_gacka","senj|rijeka"
"c_gaeseong","tosan|papyeong"
"c_gafat","bahir_dar|dangila|debra_warq|dima|enjebara|ethiopian_mountains"
"c_galam","kaedi|kanel|matam|moudery|nguidjilone|thilogne|waounde|bakel"
"c_galati","galati|tecuci|focsani"
"c_galatia","baliseyh|bozok|candir|dinek_keskin|sorgun"
"c_galatia_salutaris","altinekin|celtik|cumra|konya|ladik|suluklu|turgut"
"c_galloway","ayr|dumfries|irvine|kenmure|kirkcudbright|stranraer"
"c_gallura","orosei|posada|tempiopausania|terranova_pausania"
"c_gamo","gamo|omo"
"c_ganale","aware|buhoodle|degehabur|el_dhere|geledi|gode|hargaya|kelafo|limey|oodweyne"
"c_gangaran","bafoulabe|diakha|kita|narena|niagassola|tabou_m"
"c_ganzhou","ganzhou|ganxian|xinfeng|xingguo|yudu|shandan"
"c_gao","gao|ansongo|kukiya|sahel_corridor12|sahel_corridor23|tadmekka|tondibi|bourem"
"c_gaozhou","baoning|dianbai|maoming|xinyi_gaozhou|cangxi|langzhong|nanbu"
"c_gar","drangtse|gangdise1|gartok|hanle|himalaya14|ormogang|pangong_lake|rala|rutok|spanggur_lake|tashigang|tsherlung"
"c_garabogazkol","big_balkhan|orta_kuyu|talaikhan_ata|uzboy"
"c_garco","bairab|bangda_lake|cemar|changtang|cozha|dagze|dagze_lake|dogai|doke_jangtso_lake|doke_lake|dorsotung|dorsotung_lake|gerze_tibet|hoh_xil_mountains2|kotra_lake|lumajangdong_lake|mitijangazanmo_lake|ngangba_lake|orba_lake|tanggula3|tong_lake|ustun_tag|yurba"
"c_garkung","yurba"
"c_garoua","keraoua|maroua|mora_cam|pouss"
"c_garumele","boutti|garoumale|goudooumaria|goure|mir_loc"
"c_garwhal","srinagar|uttarkashi"
"c_garze","ganze|manigango|trotsang"
"c_gastrikland","gefle|hamrange|hedesunda|ockelbo"
"c_gatsuurgazar","altay_forest_wasteland_3|biryusa|dzerzhinskoye|ilansky|kansk|krasnoyarsk|yemelyanovo"
"c_gauda","baragram|bardhaman|chandrabad|dubrajpur|ilambazar|jessore|jhenaidah|maheshpur|nadia|pandua|pipli|satgaon|sreepur"
"c_gauldala","alvdal|holtalen|meraker|nidaros|oppdal|orkdal|roros|skaun|stjordal|storen"
"c_gaya","gaya"
"c_geba","bafata|bissau|cacheu|farim|iwol|kaabu|salemata"
"c_gegyai","drangtse|gangdise1|gartok|hanle|himalaya14|ormogang|pangong_lake|rala|rutok|spanggur_lake|tashigang|tsherlung"
"c_geisenhausen","erding"
"c_gemer","gemer"
"c_geneva","annecy|faucigny"
"c_genoa","genoa|savona"
"c_germa","sabha"
"c_gerqen","buha|caka|caka_lake|chabcha|dulan|dungkar_amdo|guolimu|kunlun5|qardam|qilianshan4|qinghai_lake|sanjiaocheng"
"c_gerze","gerze"
"c_gevaudan","chateauneuf_de_randon|florac|massif_central|mende|peyre|cape_mount|galinhas|mano|segbwema|sherbro_island|saint_flour"
"c_gezira","arbaji"
"c_ghadames","ghadames"
"c_gharb","sala"
"c_ghardaia","ghardaia"
"c_ghardaman","artyk_ata|kyr_uzkand|kyzylkum_desert|mardankuyik|otrar|sutkent|vpadina_ayakalytma_lake|zemukh|zhaushikumtobe"
"c_ghat","ghat"
"c_ghazna","gardez|ghazni|muqur|nawah|wazakhwa|zarghun_shahr"
"c_ghazza","acre|beersheba|dead_sea|gaza|hebron|jaffa|jerusalem|majdal|nablus|safed|sea_galilee"
"c_ghazzal","boutti|garoumale|goudooumaria|goure|mir_loc"
"c_ghulja","almaliq|borohoro2|gulja|narat|nilka|tian_shan6|tokkuztara|wusun"
"c_ghur","firuzkuh"
"c_gidaya","aware|buhoodle|degehabur|el_dhere|geledi|gode|hargaya|kelafo|limey|oodweyne"
"c_gilan","fuman|lahijan|langarud|rasht|rudbar|shahrestan_sofla|shamiram|sirdan"
"c_gilgit","gilgit"
"c_girona","girona|besalu|castellon_ampurias|ripoll|sant_feliu"
"c_giurgiu","giurgiu|rusii_de_vede|comana|glavacioc"
"c_giza","giza"
"c_glamorgan","caerphilly|cardiff|monmouth|neath|newport|swansea"
"c_glazov","glaz|igra|dondykar|votkings|yakshur_bodya"
"c_gleichenstein","muhlhausen"
"c_gloucestershire","bristol|cheltenham|cirencester|gloucester"
"c_gnezdovo","velizh|dukhovshchina"
"c_gnieznienska","gniezno|mogilno|trzemeszno|pyzdry|kozmin|sroda_wielkopolska|konin|kolo|lad_konin"
"c_goalpara","goalpara"
"c_gobi_abakhai","avga|baganuur|erenkhot|khobootsar|shuluun_khoboot_tsagaan|sonod"
"c_gobi_abga","bathahalak|chahar|jingzhou_dorbod|muumyangan|ulan_hua|ulanchab"
"c_gobi_dorngovi","del_khad|galbyn_gobi|khatanbulag|oiyin_korken|ooshiyn_gobi|zhavklant_khairkhan"
"c_gobi_gurvan_saikhan","bugat|chikhan_agui|gobi_altay|otegu_qulan|tevsh_uul|tsagaan_agui|tsogt"
"c_gobi_maominggan","del_khad|galbyn_gobi|khatanbulag|oiyin_korken|ooshiyn_gobi|zhavklant_khairkhan"
"c_gobi_ongi_gol","gimpil_darjaalan|ongiin_khiid|shaazan_khot|shaazan_tolgoi|suriig"
"c_gobi_sonkhot","bathahalak|chahar|jingzhou_dorbod|muumyangan|ulan_hua|ulanchab"
"c_gobi_ulaan_govi","del_khad|galbyn_gobi|khatanbulag|oiyin_korken|ooshiyn_gobi|zhavklant_khairkhan"
"c_gobi_ulaan_nuur","bogd|khadat|ukhaa_khudag|ulaan"
"c_gobi_ulaantatar","bishreit|dalay|doloodyn_gobi|ikh_narttin_chuluu|saikhandulaan|ulaanbadrakh"
"c_gobir","alkalawa|birni_lalle|birni_nkonni|maradi"
"c_gode","gode"
"c_godwad","jalor"
"c_gojjam","bahir_dar|dangila|debra_warq|dima|enjebara|ethiopian_mountains"
"c_gokju","gokju|suan|tosan"
"c_gola","beyla|bopolu|macenta|sanniquellie"
"c_golag","himalaya20|himalaya21|rima|sangacho|walong"
"c_golaghmuli","kalam"
"c_golden_hills","kletskaya|kremenskaya|nizhny_chir|oblivskaya|ust_medveditskaya"
"c_gomoco","bairab|bangda_lake|cemar|changtang|cozha|dagze|dagze_lake|dogai|doke_jangtso_lake|doke_lake|dorsotung|dorsotung_lake|gerze_tibet|hoh_xil_mountains2|kotra_lake|lumajangdong_lake|mitijangazanmo_lake|ngangba_lake|orba_lake|tanggula3|tong_lake|ustun_tag|yurba"
"c_gondo","douentza"
"c_gongbo","gyantse|himalaya15|himalaya16|nenying|ralung"
"c_gongju","gongju|cheonan|cheongju|jinjam|yeongdong|yeonsan"
"c_gongzhou","pingnan"
"c_gonja","bole"
"c_gonjo","gonjo|drayab|sho|tangkya|bolo"
"c_gorlitz","gorlitz|bautzen|spremberg"
"c_gorz","gorizia|julian_alps|tolmin|trieste"
"c_goseong","goseong|tongcheon"
"c_gostyninska","gostynin|rawa|biala_rawska|gabin|sochaczew"
"c_gottingen","gottingen|goslar"
"c_gowrie","scone"
"c_granada","granada|adra|almunecar|guadix|illora|loja|nevada_range|orgiva|pinar|subbetic_range|huescar"
"c_graz","graz|kapfenberg|leoben|feldbach"
"c_grebo","cess|cestos|settra_kru|tabou"
"c_grisons","chur|werdenberg"
"c_grobin","dundaga|durbe|grobina|kandava|kuldiga|piltene|saldus|ventspils"
"c_grodno","grodno|bershty|grodek|masty|sokolka|lida|astrina|eisiskes|shchuchyn"
"c_groningen","groningen|assen"
"c_grunberg","krosno"
"c_grunningen","sigmaringen"
"c_guangde","guangde|jianping|liyang"
"c_guangwu","datong_xining|gushan|haomen|nianbo|qilianshan2|xining|zhuanglang"
"c_guangzhou","guangzhou|huiqi|nanhai|panyu|qingyuan|shunde|dingcheng|gushi|guangshan"
"c_guangzhou_1","guangzhou|nanhai|qingyuan|huaiji|xiangshan"
"c_guazhou","guazhou|jinchang|changle"
"c_gudbrandsdalir","amot|elverum|glommadal|hamar|kongsvinger|mjosa|norway_wasteland_a|trysil|tynset"
"c_guelders","geldern|nijmegen|tiel"
"c_guemju","dongnae|miryang|uian|ulju"
"c_guidimaka","aoudaghost|erg_aoukar|sahel_corridor02|sahel_corridor04|sahel_corridor05|sahel_corridor06|south_el_djouf|south_erg_amatlich|tichit|tidjikja"
"c_guile","duyangshan|lucheng|luodian|sicheng|tongle|wangmu|xilin"
"c_guines","calais|saint_omer"
"c_guiyang","changning|lanshan|leiyang|linwu|pingyang_guiyang|pingyang|fushan|hongtong|jishi_anze|linfen|taihangshan5|yueyang_anze"
"c_guizhou","bafan|guizhou_guizhou|jinzhu|longli|suidong|weiqing|xintian|zigui|badong|xingshan"
"c_guizhou_1","lingui|lingchuan|lipu"
"c_guizhou_2","baideng|datong_datong|huairen|taihangshan3|tiancheng|xuanning|yulin_datong|yunchuan"
"c_gumuz","al_rusayrisi|dabarqi|karkuj|renk|singa|assosa|fashoda|gambela|gore|kaka|naser|pibor|sobat|chilga|gilgel_beles|guba"
"c_guozhou","guozhou|lushi"
"c_guozhou_1","guozhou|nanchong|xiangru"
"c_gurgan","astarabad"
"c_gurganj","urgench|vezir"
"c_gurgi","agori|bandogarh|beohari|madwas|mauganj|nagod|ramnagar|rewa|sidhi|sohagpur|vijaygarh"
"c_guria","batumi|poti|vartsikhe"
"c_gurjaratra","bhera|busal|gujrat|lalian|shahpur|sillanwali"
"c_gurma","bilanga|nungu|matiakoali|pama|tambaga"
"c_gutland","visby"
"c_gutti","gutti"
"c_guwari","minna"
"c_guzgan","taleqan"
"c_guzhou","guzhou"
"c_guzkol","ayagoz"
"c_gwalior","gwalior|narwar|sabalgarh"
"c_gwangju","gwangju"
"c_gwiju","gwiju|seonju"
"c_gyaca","daklha_gampo"
"c_gyaitang","dzingcho|sampheling|sangme"
"c_gyama","gyama|drigung|paga|mila"
"c_gyangze","gyantse|himalaya15|himalaya16|nenying|ralung"
"c_gyegumdo","bayan_har_mountains1|dzagyal|jyekundo|khana|lab|lungsho|serkar"
"c_gyeongju","gyeongju|boseongbu|yeongdeok|yeongil|yeongju|yeongyang"
"c_gyirong","baryang|dargyeling|dzongkar|gangdise8|himalaya10|himalaya9|lo_mustang|sengli_lake|tradun"
"c_gyoju","nangcheon"
"c_gyor","gyor"
"c_hadithat-ana","abu_kemal|anah|haditha|jazair|rahba"
"c_hadramawt","al_khuraybah|arrayda|dha_sohis|huraydah|khayrij|rakhyah|rub_al_khali2|sayun|shibam|tarim"
"c_hadrianeia","banaz|gediz|honaz|lazkiye|seyhli|usak"
"c_hadrianopolis","ankara|cubuk|haymana|kalecik|karakecili|polatli"
"c_hadya","central_west_ethiopian_mountains|fofa|hadiya|jibat|worabe"
"c_haeju","haeju|baekcheon|cheongsong|jaeryeong|jangyeon|ongjin|pungcheon"
"c_hai_dong","anbang|quang_yen|van_don|van"
"c_hail","hail|ad_dahna1|al_ajfar|ash_shuaybah_hail|baqa|fayd|sara|mawqaq|fadak|al_ghazalah|al_huwayyit|ar_rawdah|as_sulaymi|darghat"
"c_hainaut","ath|chimay|enghien|maubeuge|mons|valenciennes|tournai"
"c_haizhou","banpu|ganyu|gaoqiao|qushan|shuyang|huairen"
"c_hakkari","hakkari"
"c_halberstadt","halberstadt|wernigerode"
"c_halland","halmstad|kungsbacka|laholm|varberg"
"c_hallstatt","liezen|wels"
"c_halsingland","alfta|havero|hogdal|hudiksvall|selanger|soderala"
"c_haltang","altun_shan2|altun_shan3|balgatai|chogyal_khar|dongbabuxun_lake|dsun|gashun|gongtai_ji_naier_lake|hala_lake|kunlun6|kunlun7|nalinggele|north_hulsan_lake|qilianshan3|temirlik|tsaidam|tsaidam_dunes|yuka"
"c_halych","halych|bohorodchany|buchach|rohatyn|sambir|kolomyia"
"c_hama","hama|kafartab"
"c_hamadan","hamadan|karaj_abi_dulaf|khondab|kurijan|qorveh_darjazin|saruk|tafresh|zagros_mountains7"
"c_hamburg","hamburg"
"c_hampton","winchester|southampton|portsmouth|basingstoke"
"c_hamyang","geochang"
"c_hangzhou","hangzhou|fuyang_hangzhou|haining|linan|yuhang|fuyang"
"c_hanlan","htilin|kale|kanna|mingin|pakokku|pandaung_range|saw"
"c_hannover","buckeburg|burgdorf|hamelin|hanover|hildesheim|neustadt_am_rubenberge"
"c_hanyang","hanyang|hanchuan"
"c_hanyuan","hanyuan|lizhou"
"c_hanzhou","anzhou|deyang|mianzhu|shifang"
"c_haozhou","zhongli|dingyuan"
"c_harar","harar"
"c_hargaya","hargaya"
"c_harhiraa","achit_nuur"
"c_harikela","mabein|manmaw|mongmit|namhkan|shwegu|takawng"
"c_harima","akashi|akou|shikama|shisou|taka|ibo"
"c_haripunjaya","chiang_mai|chiang_dao|khun_tan_range|lampang|lamphun|muang_wang|mueng_thoen|thongchai_range"
"c_harjadalen","tanna|sveg"
"c_harran","harran"
"c_harrat_rahat","al_hadhah|al_kharabah|al_mahani|as_suwayriqiyah|bani_saad|sufaynah|taif|umm_al_ghiran"
"c_haruppeswara","baran|hapur|jansath|mirat|piran_i_kaliyar|saharanpur"
"c_hastinapura","hapur"
"c_hauran","aba_al_qur|al_hamad|an_nafud2|arar|dumat_al_jandal|sakaka|syrian_desert2|syrian_desert3|syrian_desert4|syrian_desert5|syrian_desert6|syrian_desert7|syrian_desert_corridor1|syrian_desert_corridor10|syrian_desert_corridor11|syrian_desert_corridor12|syrian_desert_corridor13|syrian_desert_corridor2|syrian_desert_corridor3|syrian_desert_corridor4|syrian_desert_corridor5|syrian_desert_corridor6|syrian_desert_corridor7|syrian_desert_corridor8|syrian_desert_corridor9"
"c_havelberg","havelberg"
"c_hayk","ani|amberd|artashavan|kumayri|lesser_caucasus_mountains9|yerevan|bjni|igdir|khor_virap|lake_sevan|lesser_caucasus_mountains5|lesser_caucasus_mountains7|sotk"
"c_hayq","hayq"
"c_hedmork","valdres"
"c_hehe","hehe"
"c_heihe","badain_jarain_desert1|badain_jarain_desert2|banzart_khairkhan|juyan_sea|khara_khoto|naraan_chilaun|noyon_uul|zag_suujiyn_gobi"
"c_hejian","hejian|jiaohe|leshou|renqiu|suning|yingzhou|shucheng"
"c_helenopontus","amasya|gadegara|ladik_pontus|merzifon|sonisa"
"c_helgum","berg|froso|hammerdal|hede|n_jamtland_wasteland|offerdal|oviken|ragunda|s_jamtland_wasteland|storsjon|sveg"
"c_henan","dengfeng|gongxian|luoyang|mengjin|xinan|yanshi|yiyang|yique"
"c_hengzhou","anren|hengshan|hengyang|lingxian|xincheng|chaling|changning|changning_changning|luoji|rongxian|yunlian|leiyang"
"c_hengzhou_1","ningpu"
"c_hequ","hequ"
"c_herat","herat|awbeh|chishti_sarif|firozkoh|karokh|paropamisus_mountains7|pushang|tulak"
"c_hereford","hereford|wigmore"
"c_hereti","hereti|balakan|bodbe|khornabuji|qakh"
"c_hertfordshire","hertford|st_albans"
"c_hewes","heves|szolnok|bekes|karcag|szarvas|eger"
"c_hezhong","hezhong|hedong|wenxi|anyi|pinglu"
"c_hezhou_2","hezhou|dingqiang"
"c_hida","hida_mountains|kamioono|mashita|mount_haku|mount_ontake|yoshiki"
"c_higo","akita_kumamoto|amakusa|ashikita|aso|koushi|kuma|mashiki|tamana|yatsushiro_higo|yatsushiro"
"c_hildesheim","hildesheim"
"c_hinthada","hinthada|myanaung"
"c_hiraab","hudur"
"c_hisar","hisar|asika"
"c_hitachi","ibaraki|kamigaura_bay|kashima|kuji_kanto|naka|niihari|taga|tsukuba"
"c_hizen","higashimatsuura|higashisonogi|kishima|minamimatsuura|nishimatsuura|nishisonogi|saga|takaki"
"c_hlaingbwe","mae_sot|hot"
"c_hoanya","arikun|babuza|mayrinax|papora|seediq|taokas|xueshan"
"c_hoboksar","hoboksar"
"c_hobyo","hobyo|galkayo"
"c_hodh","aoudaghost|erg_aoukar|sahel_corridor02|sahel_corridor04|sahel_corridor05|sahel_corridor06|south_el_djouf|south_erg_amatlich|tichit|tidjikja"
"c_hodna","amdoukal|bou_saada|burg_bu_mountain1|burg_bu_mountain2|chott_el_hodna|el_kantara|maqqara|msila|ngaous"
"c_hohaseco","bayan_har_mountains2|dalungsai|dorger_lake|drichu|duolundu|hoh_sai_lake|hoh_xil|hoh_xil_lake|jilibulake|jurhen_ui|kunlun|kunlun4|lebxewudan_lake|qumarleb|sharu|tanggula2|ulan_ui_lake|xijir_ulan_lake|zhognai_lake"
"c_hohenau","mistelbach"
"c_hohenberg","hohenberg"
"c_hohenburg","cham"
"c_hohenlohe","mergentheim|hall"
"c_hoki","kume|hino"
"c_holland","amsterdam|rotterdam"
"c_homs","homs|hama|kafartab|khanaser|masyaf|qastal|qusayr|salamiyya"
"c_hongju","hongju|aju|boryeong|hansan|seosan"
"c_hongzhou","nanchang|fengcheng_fengcheng|jinxian|xinjian|wuning|jianchang|guangchang|nancheng|nanfeng|xincheng_jianchang|fengcheng|fenning"
"c_hongzhou_2","yongning|guihua|gulin|luojiao|mangbu|shunsheng"
"c_honorias","boli"
"c_hont","hont|banska_bystrica|kremnica|krupina|stary_tekov|zvolen|nograd|balassagyarmat|gemer|podmuran|rimavska_sobota|roznava|salgotarjan"
"c_hordalandi","voss"
"c_hormuz","hormuz"
"c_hotin","hotin|cernauti"
"c_hradec","hradec_kralove|jicin|klodzko|nachod|podebrady"
"c_hradyzk","myrhorod|poltava|hovtva|kremenchuk|opishnya|velyki_sorochyntsi"
"c_hsenwi","hsenwi|lashio|muse|nam_thing|namhsan|shan_hills1|ta_shwe_htan|monghsu|kehsi|kengkham|mong_yai|mongnawng|hsipaw|kyaukme|monglong|ngasingu|wetwin|mongmit"
"c_huaian","huaian|andong_huaian|funing_huaian|hongze_lake|qinghe_huaian|shanyang_huaian|taoyuan_huaian|yancheng|baishui"
"c_huaining","huaining|wanqiu|taikang|xiangcheng"
"c_huaiyang","xiapi|suqian|tancheng"
"c_huaiyuan","huaiyuan|baojing|linhe"
"c_huaizhou","heyang|henei"
"c_huangzhou","guangji|huangan|huanggang|huangmei|huangpi|luotian|macheng|qichun|qishui"
"c_huangzhou_1","tonggu"
"c_huanzhou","huanzhou|luoyuan"
"c_huayin","huayin|huazhou"
"c_huazhou","huazhou|shicheng|shilong|wuchuan_huazhou|baima"
"c_huesca","huesca|almudevar|anso|ejea_de_los_caballeros|jaca|sos|south_western_pyrenees1|barbastro|ainsa|benabarre|fraga|monzon|sarinena|south_western_pyrenees2"
"c_huichuan","huichuan"
"c_huizhou","huizhou|jixi_huizhou|qimen|shexian|tunxi|wuyuan_huizhou|xiuning|yixian|huichuan"
"c_huizhou_1","huizhou|guishan|boluo|heyuan|heping|lankou|lianping|haifeng|xinle"
"c_hulwan","eyvan|gilan_gharb|ilam|khanaqin|mandali"
"c_huntingdonshire","cambridge|ely|huntingdon|royston"
"c_hunyad","deva"
"c_hunyan","arshgul|arzew|ksar_ibn_senane|nedroma|oran|sebkhat_of_oran|tamazaghrane"
"c_huzhou","anji|changxing|deqing|wuxing"
"c_hvosno","pristina|prizren"
"c_hwangju","hwangju|anak|bongju|gokju|pyeongju|suan|tosan"
"c_hyuga","koyu|naka|miyazaki"
"c_iasi","iasi|husi|targul_saratii|tutova|ungheni|vaslui"
"c_ibadan","ede|ife|ilesa|iwo"
"c_ibibo","calabar"
"c_idatarainadu","mudgal|raichur"
"c_idoma","enugu|idah|katsina_ala|nsukka|ogoja|ugbo"
"c_ifat","ali_sabieh|amud|el_sheikh|hargeisa|zeila"
"c_ife","ife|ede|ilesa|iwo|owo|ondo"
"c_ifni","ifni|taroudant|assa"
"c_ifonyin","eko|epe|ijebu_ode|ikorundu|ikosi"
"c_igala","enugu|idah|katsina_ala|nsukka|ogoja|ugbo"
"c_igana","igboho|ikoyi|irawo|kisi|ogbomosho|oyo_ile|saki|tede"
"c_igaran","kargasok|kolpashevo|siberian_wasteland_9|vasyugan"
"c_igbo","igbo_ukwu|onitsha|nsukka"
"c_igbomina","ilorin|offa|oke_ila|oshogbo"
"c_ijaw","bonny|calabar|eket|fernando_po|rio_del_rey|sao_tome|nembe"
"c_ijebu","eko|epe|ijebu_ode|ikorundu|ikosi"
"c_ikh_bogd","tuin|orog"
"c_ilam","ilam"
"c_ile_de_france","paris|montreuil|etampes"
"c_ilek","ilek"
"c_ilesa","ilesa"
"c_ilga","altay_forest_wasteland_3|biryusa|dzerzhinskoye|ilansky|kansk|krasnoyarsk|yemelyanovo"
"c_iliq","almaliq|borohoro2|gulja|narat|nilka|tian_shan6|tokkuztara|wusun"
"c_ilo","kontagora|kotonkoro|kulfo|yauri|zuru"
"c_ilorin","ilorin|tada|jebba"
"c_ilseon","gaeryeong|yeongju"
"c_inaba","houmi|takakusa"
"c_inari","enare|enare_trask|ivalo|kemijarvi|korvala|lapland_taiga1|muojarvi|north_skanderna|oulujarvi|salla|savukoski|sodankyla|utsjoki|yli_kitka"
"c_indrapura","indrapura|dien_ban|simhapura"
"c_ingolstadt","ingolstadt"
"c_inje","inje|yanggu"
"c_innarya","agaro|hirmata|ilimo|lieka|saqqa"
"c_inner_hebrides","arran|islay|mann|mull|barda|beylagan|ganja|gardman|lake_agh_gol|lake_sarisu|lemberan|lesser_caucasus_mountains6|shamkir"
"c_innsbruck","innsbruck|kufstein"
"c_intarta","matara"
"c_inverness","inverness|badenoch|urquhart"
"c_ioci","erimo_cape|north_western_pacific6|shinodai_cape|shirepa_cape|shiriya_cape|tokachi_coast|uchiura_bay"
"c_ionia","smyrna|ayasuluk|cesme|menemen|urla"
"c_ipuskoa","onate|san_sebastian|tolosa"
"c_irahistan","siraf|ahel|asir|bastak|kish|kariyan|alamarvdasht|bagh_iran|jahreh|karzin|khunj"
"c_irbid","irbid"
"c_irbil","altun_kupri|chamchamal|daquq|erbil|kirkuk|tuz_khurma"
"c_irkutsk","irkutsk|cheremkhovo|slyudyanka|zalari|osa"
"c_isauria","eregli_kar|eskil|hatunsaray|karapinar|larende|middle_taurus_1|obruk|pirloganda"
"c_isawa","isawa|nukanobu"
"c_ise","ichishi|iga|mie|suzuka|taki|watarai|shima|kitamuro"
"c_isfahan","isfahan|dehagh|dowlatabad|komshecheh|murcheh_khvort|tudeshk|zagros_mountains13|zagros_mountains14|julfa"
"c_isfara","isfara"
"c_ishim","ust_ishim"
"c_iskaf","jabbul"
"c_iskar","erimo_cape|north_western_pacific6|shinodai_cape|shirepa_cape|shiriya_cape|tokachi_coast|uchiura_bay"
"c_isle_of_man","arran|islay|mann|mull"
"c_isle_of_wight","wight"
"c_issoudun","issoudun|bourges"
"c_istakhr","istakhr|aspas|beyza|qaryat_al_bidh|saadatshahr|shahr_meyan"
"c_itanagar","itanagar|bomdila|himalaya23|kameng|kamla|kurung|nakshaparvat|ziro"
"c_itil","chyorny_yar|ded_khulsun|malye_derbety|nikolskoye_pontic|sadovoye_kalmykia|zavetnoye"
"c_iviza","ibiza"
"c_iwaki","iwaki|katta|kikuta|namekata|naraha|shineha|shirakawa|takano|tamura|uda_mutsu"
"c_iwami","kanoashi|mino|naka_iwami|nima|oochi|naka|ena|fuwa_mino|gujou|ikeda|katagata|minokamo|mugi|toki|ochi"
"c_iwase","iwase|adachi|asaka|date_loc|kawanuma|kitaaizu|lake_iwashiro|minamiaizu|mount_azuma|oonuma|shinobu|yama_jap|yama"
"c_iyo","iyo|kita_shikoku|nii|ochi|ukena|uwa|kita"
"c_izu","izu_islands|kamo_izu|tagata|kamo"
"c_izumo","izumo|iishi|lake_nakaumi|lake_shinji|nita|oki|ou|ad_dahna4|al_suman|al_uyayna|jannah|jarrarah|nita_arabia|qaryat_ulya"
"c_jabal_kufs","manujan"
"c_jabal_quzlum","aswan|connector_egypt10|connector_egypt12|connector_egypt16|connector_egypt6|connector_egypt8|eastern_desert|edfu|esna|hiw|kom_ombo|qena|qus|western_desert"
"c_jafara","tiri|djado|nalut"
"c_jaffa","jaffa"
"c_jaffna","jaffna|mullaitivu"
"c_jagatipur","jagatipur"
"c_jahkamakke","akkajaur|arjeplog|silbojock|sorsele"
"c_jaksybai","kiyl|koptam|mavliberda|uil"
"c_jaligny","jaligny"
"c_jalmat","bugulma"
"c_jamantau","emba"
"c_jambalar","khvorostyanka|kondurcha|morkvash|pestravka|poganovka|samara|shigony|stavropol_na_volge"
"c_jame","bintang|casamance|diaboudior|gambia|geregia|marsassoum|tankular"
"c_jamtfir","froso"
"c_janakpur","janakpur"
"c_jangheung","jangheung|jindo"
"c_jangjeong","sakju"
"c_jangyztau","arykbalyk|atbasar|imantau|kak|kokshetau|kozhakol|shoindykol"
"c_jara","albreda|djilor|juffure|kahone|sine_ngayene|sorokogne|wanar"
"c_jasky_kart","dandybay|karabay|kurgaldzhin_lake|smai_samkai|tagatay|yegindybulak"
"c_jaunpur","jaunpur"
"c_jawf-al-yamani","main|shabwa|bayhan|baraqish"
"c_jend","asanas|barchkend|jand|kamyskala|sighnaq"
"c_jenne","bai|djenne|kanibonzon|san|sanekuy"
"c_jeonju","jeonju|gimje|jinan|mupung|yeonggwang"
"c_jerjul","bolshoy_kosogol|kortuz|nazarovo|novosyolovo|tatarskaya_tesyu|uzhur"
"c_jersika","jekabpils|daugavpils|rezekne"
"c_jerusalem","jerusalem|nablus|hebron"
"c_jharkand","ambikapur|beohari"
"c_jian_an","jianzhou|jianan|pucheng|chongan|jianyang"
"c_jianchang","jianchang|guangchang|nancheng|nanfeng|xincheng_jianchang"
"c_jianchang_1","jianchang|yuexi"
"c_jianchuan","jianchuan|lanxi|yunlong"
"c_jiangling","jiangling|dangyang|changlin|shayang|zhijiang|qianjiang"
"c_jiangning","jiangning|dangtu|lishui"
"c_jiangzhou_2","zhengping|quwo|longmen"
"c_jiankang","qilian"
"c_jianyang","jianyang|jianzhou"
"c_jianzhou_1","jianzhou|puan|anlong|huangcaoba|lemin|puan_puan|zitong"
"c_jiazhou","jiazhou|fugu|kaiguang|shenmu|longyou|jiajiang|qianwei"
"c_jie_DZU","gonganbao|gurbantunggut|hoboksar|manas|manas_lake|saur|utbulaq|zhekdeliq"
"c_jiezhou","jiezhou|baimaguan|wenxian_gongchang"
"c_jihlava","jihlava"
"c_jilali","aitbulat|aqkol_lake|aral_karakum_desert|arys_lake|belen_ana|bolgan_ana|hunger_steppe|karakoyin_lake|shalkarteniz_lake|talmas_ata"
"c_jilanjik","aybas|ayrkol_lake|kabyrga|karaturgay|turgay|zhaldama"
"c_jilat","abu_qasr|al_harrah|an_nasifah|basithah|bir_fajr|bir_fajr_basithah_corridor|kaf|qurayyat_al_milh|syrian_desert1"
"c_jilib","jilib|qoryooley"
"c_jillye","mupung"
"c_jimi","cherfe|mondo|moussoro|ngousa"
"c_jimsar","beshbalik|bodga_shan|dunla|guchung|mori|yuanhu"
"c_jinghiz","arkat|kaynar_atbai|sarybulak|takhir|zhanaarka"
"c_jingzhao","jingzhao|changan|jingyang|lantian|zhouzhi|liquan"
"c_jingzhou","gongan|jiangling|jianli|qianjiang|shishou|songzi|zhijiang|qingyuan_baoding|tangxian|wanzhou_baoding"
"c_jingzhou_2","jingchuan|shimen"
"c_jinju","jinju|geochang|geoje|hadong|hapcheon|namhae|sacheon"
"c_jinsko","kuytun"
"c_jinzhou","dalinghe|haizhou_liaoyang|jinzhou_liaoyang|ningyuan_jinzhou|qiantun|dingan"
"c_jinzhou_1","xicheng|xunyang|shiquan"
"c_jiren_suat","ashchyozek|bakanas|dagandely|koksala|sayak"
"c_jiruft","baft|dowlatabad_esfandaqeh|jiroft|rabor|sarduiyeh|zagros_mountains19|zagros_mountains20|zakht"
"c_jitikul","atach|ishkul|kumak|namjan|or_aktobe|suyunduk|tanalyk|yaik"
"c_jiuquan","suzhou"
"c_jiushijiuquan","jining|jiaxiang|juye|rencheng|yuncheng"
"c_jizhou","jizhou|banbishan|fengrun|luanyang|pinggu|shicheng_jizhou|yutian|yuyang|zunhua|xindu|wuyi"
"c_jizhou_1","jizhou|yuyang|wuqing|zunhua"
"c_jizhou_2","jizhou|nanjiang|jiachuan"
"c_jizhou_3","jizhou|luling|taihe|longquan_taihe|taihe_taihe|wanan|yongning_taihe|yongxin"
"c_jolof","linguere|mboune|tuubaa"
"c_jone","amchok|kedang|kuntokling|liulin|qinlingshan2|sangqu|taktsang|tewo|tso_gon"
"c_jovvkuj","akkala|alakurti|koliskoj|lapland_taiga2|lapland_taiga3|mootka|nuorttijarvi|pechenga|prirechnyi|suonikyla"
"c_jowol","kaedi|kanel|matam|moudery|nguidjilone|thilogne|waounde"
"c_jubba","afmadow|bardera|buale|garbahare|jilib|kismayo|luuq"
"c_julevadno","alvsby|bodebyn|branna|bygdea|byske|gratesk|hienatiemi|kiemi|kittila|lulea|pajala|pitea|ranea|rovaniemi|skelleftea|tornea|umea|vindeln"
"c_julfar","julfar|abu_dhabi|al_ayn|al_dhaid|dubai|liwa|marawah|sharjah"
"c_julym","bolshoy_uluy|itatsky|kazachinskoye|makovskoe|tyukhtet"
"c_jumla","jumla|sinja|dullu"
"c_junzhou","huanglong|shangjin|wudang|yun|yunxi"
"c_juterbog","juterbog"
"c_juwain","jajarm"
"c_juwair","aba_al_qur|al_hamad|an_nafud2|arar|dumat_al_jandal|sakaka|syrian_desert2|syrian_desert3|syrian_desert4|syrian_desert5|syrian_desert6|syrian_desert7|syrian_desert_corridor1|syrian_desert_corridor10|syrian_desert_corridor11|syrian_desert_corridor12|syrian_desert_corridor13|syrian_desert_corridor2|syrian_desert_corridor3|syrian_desert_corridor4|syrian_desert_corridor5|syrian_desert_corridor6|syrian_desert_corridor7|syrian_desert_corridor8|syrian_desert_corridor9"
"c_juzhou","gegou|juxian|mengyin|rizhao|shizilu|yishui|yiyuan|shicheng"
"c_kaabu","kaabu|bafata|bissau|cacheu|farim|iwol|salemata"
"c_kaarta","diangounte_camara|dioumara|kolokani|kourouninkoto|nioro|tourougoumbe"
"c_kabarasana","odienne"
"c_kabtag","atanuul|atas_bogd|bodonch|bulgan|burqin|chinggil|jeminay|kara_irtysh|lake_jili|lake_ulungur|ulungur"
"c_kabul","kabul|alishang|chak|gandamak|jalalabad|kohi_safi|logar|paropamisus_mountains6|tora_bora_mountains"
"c_kachu","altay_forest_wasteland_1|oskemen|shemonayevskoye|ust_kalmanka|zmeinogorsk"
"c_kada","bii|choigan|eastern_sayan_mountains1|systyg"
"c_kadam","am_djemena|djedaa|lake_fitri|mongo|oum_hadjer|yao"
"c_kaduna","turunku"
"c_kaerji","jeminay"
"c_kafa","arykbalyk|atbasar|imantau|kak|kokshetau|kozhakol|shoindykol"
"c_kaffa","kaffa|bonga"
"c_kafirkot","dera_ghazi_khan|daraban"
"c_kaga","kaga|nomi"
"c_kagar","ganden_delingshar|gangdise4|himalaya13|lhadrak|ngamring|sakya|tagmo_lingkha"
"c_kagha","biu|bakka|gombe|mubi|wuro_yolde"
"c_kai","koma_kai|okuchichibu_mountains|tsuru|yamanashi|yatsushiro"
"c_kainar","atzhaksy|emba|shatyrlysay|temir"
"c_kainsk","chany"
"c_kainuu","kajana|kuhmo|kuusamo|paltamo|sotkamo|suomussalmi"
"c_kairwan","kairouan|kesra|sbikha"
"c_kaisereia","bogazliyan|develi|hodul_mountains|kayseri|middle_taurus_5|tomarza|yahyali"
"c_kaiserslautern","kaiserslautern|leiningen|kreuznach"
"c_kaizhou","kaizhou|changyuan|dongming|puyang|qingfeng"
"c_kakheti","alaverdi|dusheti|greater_caucasus_mountains5|gremi|rustavi|shatili|telavi|mtskheta"
"c_kakisalmi","beryozovskoye|elimaki|heinjoki|jaskis|kymi_fi|kyyrola|puruvesi|pyhajarvi|saima|valkeasaari|veckelax|vederlax|villmanstrand|vyborg"
"c_kalabsha","kalabsha"
"c_kalanjara","kalinjar|khajuraho|bhatta"
"c_kalat","kalat|zhob"
"c_kalbin","arkat|kaynar_atbai|sarybulak|takhir|zhanaarka|alatau|borohoro1|bortala|ebi_lake|jing|kuytun|sayram_lake|urghtbulaq|usu_xinjiang"
"c_kale","kale|htilin|kanna|mingin|pakokku|pandaung_range|saw|chin_hills1|chin_hills2|chin_hills3|falam|hakha|lai_lin_pi|matupi|mon|thantlang"
"c_kali_kumaon","almora|askot|baijnath|champavati|dwarahat|kashipur|nainital|rudrapur_kumaon"
"c_kalif","akhsisek|guzor|kelif|kerki|khoja_idat_kala|nasaf|navidakh"
"c_kalinganagar","kalinganagara"
"c_kaliska","kalisz|ostrow_wielkopolski|pleszew|kozmin|turek"
"c_kalliopolis","enez|gallipoli|hayrabolu|kesan|malgara|rodoscuk"
"c_kalos_limen","aqmecit|jurchi|kalay|kezlev|lake_sasyk_syvash|or_qapi|syvash_lagoon|syvash_sand_bar"
"c_kalpi","kalpi"
"c_kalyani","kalyani|manyakheta|bidar|gulbarga"
"c_kamarupanagara","dhubri"
"c_kamatapur","kamatapur"
"c_kambampet","ellur|vinukonda"
"c_kammersberg","murau|tamsweg"
"c_kamru","nako"
"c_kanara","bhatkal|goa|honnavara|karwar|madgaon|western_ghats_bhatkal|western_ghats_goa"
"c_kanchipuram","kanchipuram"
"c_kandy","kandy"
"c_kandygatai","arkat|kaynar_atbai|sarybulak|takhir|zhanaarka"
"c_kanem","bodou_sailay|lake_chad|manan|nguigmi|njimi|chamcook|grand_manan|magaguadavic|pocologan"
"c_kangmar","gyantse|himalaya15|himalaya16|nenying|ralung"
"c_kangra","bajaura|kahlur|kutlehar|mandi|nagarkot|naggar|nahan|nurpur|palampur|pathankot|sarahan|soonpur|suket"
"c_kangzhou","duanxi|fengchuan"
"c_kaniaga","diara"
"c_kankan","kankan"
"c_kano","kano|gaya_n|kazaure|rano|auyo|biram|birnin_kudu|dutse|gwaram|shira"
"c_kansk","kansk|altay_forest_wasteland_3|biryusa|dzerzhinskoye|ilansky|krasnoyarsk|yemelyanovo"
"c_kantegir","altay_forest_wasteland_2|askiz|kuznetsk|kytmanovo|salair|ust_kabyrza"
"c_kanyakubja","etawah"
"c_kara-mugai","aitbulat|aqkol_lake|aral_karakum_desert|arys_lake|belen_ana|bolgan_ana|hunger_steppe|karakoyin_lake|shalkarteniz_lake|talmas_ata|buzikkala|jubara|karmakshi|qamystybas_lake|yangikent"
"c_kara_asirgan","bugat|chikhan_agui|gobi_altay|otegu_qulan|tevsh_uul|tsagaan_agui|tsogt|atanuul|atas_bogd|bodonch|bulgan|burqin|chinggil|jeminay|kara_irtysh|lake_jili|lake_ulungur|ulungur"
"c_kara_khoja","turpan|lukchun|pichan|qocho|toksun|yidu"
"c_kara_khol","den_terek|khemchik|tannu_ola_mountains1|ulug|usun|western_sayan_mountains"
"c_karabaigal","educhanka|kezhma|lower_angara|siberian_wasteland_16|upper_angara|yarkino"
"c_karabalgasun","altan_gadas|chuluutyn|delger_moron|ider|lake_sangiin_dalai|lake_terkhiin_tsagaan|zagzuugiin_balgas"
"c_karabas","dandybay|karabay|kurgaldzhin_lake|smai_samkai|tagatay|yegindybulak"
"c_karabash","zlatoust"
"c_karabolam","almetyevsk|bilyar|bolghar|cukataw|zainsk"
"c_karachev","karachev|bolkhov|khotiml|kromy|zvenihorod_siverskyi"
"c_karahataka","miraj"
"c_karakorum","karakorum"
"c_karamay","toli"
"c_karashar","bosten"
"c_karasjohka","enare|enare_trask|ivalo|kemijarvi|korvala|lapland_taiga1|muojarvi|north_skanderna|oulujarvi|salla|savukoski|sodankyla|utsjoki|yli_kitka"
"c_karasu","karasu|kak"
"c_karatayak","donkov|izberdey|kozlov|lipetsk|teshevka|usman|ust_stanovykh_ryas"
"c_karatsagaan","eastern_sayan_mountains3|eringiin|khatgal|lake_khuvsgul|uur"
"c_karauda","altay_forest_wasteland_3|biryusa|dzerzhinskoye|ilansky|kansk|krasnoyarsk|yemelyanovo"
"c_karbala","karbala|hit"
"c_kargadan","gayny|kelich|kosa_perm|perm_forest|usolye|yusva"
"c_karghalik","guma"
"c_kargopol","kargopol|iksa|konyovo|lake_kenozero_ark|lake_lacha|lake_lyokshmozero|lake_vodlozero|vershinino|volosovskaya|ostrov"
"c_karkaraly","karkaraly"
"c_karmanta","agartala|baniachang|chandrapur|kailashahar|laskarpur|pilak|rangamati"
"c_karnten","klagenfurt|wolfsberg"
"c_karor","karor|mankera"
"c_karran","kham_bahar|pamir4|pamir5|pamir6|qalai_khumb|ragh|vanch"
"c_kartauzh","kartauzh"
"c_kartli","dmanisi|gori|greater_caucasus_mountains4|kasriskari|kldekari|kvenipnevi|mtskheta|tbilisi|tsagvli"
"c_karur","karur"
"c_kasa","kasa"
"c_kash","bosten|bosten_lake|karasahr|kumux|kuruktag|lake_wuzongbulake|tian_shan4|tian_shan5|yulduz"
"c_kashgar","kashgar|artush|barchuk|maralbexi|payzawat|tian_shan1|tokkuzak|yingisar|yopurga|akto"
"c_kaska","cassiar_mountains|kahntah_trail|kechika_trail|omineca_mountains|ozanna|teslin_trail|tsay_iona|tyagacho"
"c_kaskelen","balasagun|dzhul|harandzuvan|kysmyci|nuzket|sargau|soltobe"
"c_kaski","tanahun|gorkha"
"c_kasmira","banihal|baramulla|ganderbal|kashmiri_himalayas|kupwara|marwah|nanga_parbat|pangi_range|pir_panjal_range|pir_panjal_range_2|pir_panjal_range_3|poonch|pulawama|rajouri|rasyal|rawalakot|sharda|srinagar|udabhanda|wular_lake"
"c_kassala","kassala"
"c_kassel","kassel|ziegenhain|hofgeismar"
"c_katagum","damaturu|daniski|kalam_hill|potiskum"
"c_kataka","kataka"
"c_katehar","gangadvara"
"c_kath","kath|aral_sea|khurgancha|pulzhai|qonirat|shimbay|xojeli"
"c_kathmandu","kathmandu|bharatpur"
"c_katsina","katsina|daura|gumel|tessawa"
"c_katu_yaryk","achit_nuur|altay_mountains|haerhhana|huysiyn|khovd|khurgan|lake_achit|lake_dayan|lake_durgun|lake_khar|lake_khar_us|lake_khoton|lake_khurgan|lake_markakol|lake_tolbo|mongol_altay|tahiltyn_khotgot|tsagaan_usun"
"c_katukuru","palampet"
"c_kauthara","kauthara|aryaru|bang_keng"
"c_kawachi","kawachi|izumi"
"c_kayor","dagana|koki|ndar"
"c_kazan","kazan|bogatye_saby|calli|dobyaz|laish|mamadysh|oli_baraza|kashan"
"c_kazanskaya","boguchar"
"c_kazanskoye","cherlak|ebeyty|gorkovskoye|kamyshnoye|kolosovka|okoneshnikovo|omsk|tyukalinsk"
"c_kazusa","awa|ichihara|isumi|makuda|musa|awa_shikoku|awaji|kaifu|mima|miyoshi_shikoku|mount_tsurugi|naka_shikoku|nakata"
"c_kazym","kazym|ayyugan|kaltysyany|sumgut_vosh|vezhakary|surgut|bolshoy_balyk|bolshoy_yugan|irtysh|megion|siberian_wasteland_8|sykhtymlor|trom_yegan|upper_ob|yugranskaya_ob|yugan"
"c_kbumak","atach|ishkul|kumak|namjan|or_aktobe|suyunduk|tanalyk|yaik"
"c_kebbi","anka|birnin_kebbi|goronyo|koko|sokoto|surame|takassaba"
"c_keffi","bauchi|ibi|kwararafa|lafia|nkambe|pankshin|wukari"
"c_kempten","kempten|memmingen"
"c_kent","canterbury|dover|hythe|rochester|tonbridge"
"c_kepala_burung","maybrat"
"c_kera","binder|bongor|doba|goundi|lame"
"c_kerak","abu_qasr|al_harrah|an_nasifah|basithah|bir_fajr|bir_fajr_basithah_corridor|kaf|qurayyat_al_milh|syrian_desert1"
"c_kerala","cardamom_hills|edappaly|karikkode|kochi|manikandapuram|prakkad|vembanad_lake"
"c_kerch","kaffa|seyitler|soldaia|solkhat|vosporo"
"c_keriya","keriya|niya"
"c_kerken","beryozovka|dobryanka|gubakha|kizel|lysva|solikamsk|ust_kishert"
"c_kermanshah","kermanshah|badreh|darrehshahr|harunabad|holeylan|kamyaran"
"c_kernave","kernave|vilnius|giedraiciai|medininkai_vilna|vilkmerge|anyksciai|maleisiai|rokiskis|utena|kreva"
"c_ketu","ketu"
"c_keve","carasova|kovin|modos|pancevo|semlacu_mare|veliky_beckerek"
"c_kevrola","verkola"
"c_keyimen","alxa|bagh|bayankhot|bayannurhong|tengger_desert|ulan_buh_desert|urad"
"c_khabur","makisin|araban"
"c_khachen","gardman|gandzasar"
"c_khanjargalant","altan_gadas|chuluutyn|delger_moron|ider|lake_sangiin_dalai|lake_terkhiin_tsagaan|zagzuugiin_balgas"
"c_khaplu","khaplu"
"c_khar_us","achit_nuur|altay_mountains|haerhhana|huysiyn|khovd|khurgan|lake_achit|lake_dayan|lake_durgun|lake_khar|lake_khar_us|lake_khoton|lake_khurgan|lake_markakol|lake_tolbo|mongol_altay|tahiltyn_khotgot|tsagaan_usun"
"c_kharam-vosh","andreyevskoye|ess|konda|leushinskiy_tuman|malaya_sosva|siberian_wasteland_5|siberian_wasteland_7|syrkovoye|tuman|tursunskiy_tuman|yevra"
"c_kharga","kharga|baris"
"c_khasagt_khairkhan","khasagt_khairkhan"
"c_khawr","bela|hinglaj|lakhsar|ormara|sonamiani|wadh"
"c_khaybar","khaybar|al_ayn_khaybar|al_thamad|buwat|shajwa|al_ula"
"c_khentii","khadanzaa|khan_khentii|khan_khentii2|khan_khentii3|kyakhta|tsokh"
"c_kherson","ingul"
"c_khetaka","dholka|ashaval"
"c_khijjingakota","garhjat_range|ghasipura|ghatgaon|jyotipur|keonjhar|khiching"
"c_khinjali_mandala","nayagarh"
"c_khiva","khiva|darganata|hazarasp|karakum_desert1|kattashor_lake|kyat_kala|nyzvar|urgench|vezir"
"c_khojand","asht"
"c_khokhoo","balyktyg|buren_khem|busiyn|eastern_sayan_mountains2|kaa|lake_dood_tsagaan|tannu_ola_mountains2"
"c_kholmogory","kholmogory|arkhangelsk|brin_navolok|pomorye|siya|ust_pinega|vaymuga"
"c_khopyor","bannoye|bolshaya_gribanovka|borisoglebsk|buturlinovka|kalach|sadovoye|uryupin|verkhny_mamon"
"c_khortytsia","chuhuiv|donets_kharkiv|khotmyzh|kotelva|okhtyrka|zmiiv"
"c_khotan","khotan|karakax|keriya|kunlun2|lop|qira|taklamakan5"
"c_khotang","okhaldhunga|dolakha"
"c_khu_bua","chom_khao_maneerat|hongsa|muang_luang_phukha|muang_sing|muang_xay|phou_mountains|vieng_phouka"
"c_khumar","khumar"
"c_khurnak","amtogor|amtogor_lake|karakoram2|karakoram4|kunlun1|longmu_lake|murgo|raskam|sanju|zarafshan"
"c_khursa","fatezh|kosozhichi|kursk|manturovo_kursk|olgov|opalkova|oskol|troitskoye_na_shchigrakh"
"c_khuttal","hulbuk|munk"
"c_khuwar","anarak_jondaq_corridor|dasht_kavir1|dasht_kavir2|dastgerdan|hamun_dasht_kavir|jondaq|korit|ribat_ushturan|ribat_ushturan_jondaq_corridor|saghand|tabas_al_tamr|tabas_al_tamr_ribat_ushturan_corridor"
"c_kiev","kyiv|kaniv"
"c_kii","hidaka|higashimuro|kaisou|minamimuro|naga|nishimuro|niikappu|samani|saru|shizunai|urakawa"
"c_kiia","bolotnye|dovolnoye|kamen|kozhevnikovo|krivoshchekovo"
"c_kilimanjaro","arusha|east_aasax|shambala|usangi|west_aasax"
"c_kinda","kinda"
"c_kinda_sakun","al_mukalla|al_shihr|azzan|balhaf|birali|habban|hajar"
"c_kingui","nioro"
"c_kintus","kantalahti|kashkarantsy|lake_imandra|lake_kanozero|lake_kolozero|lake_kolvitskoye|lake_sergozero|olenitsa|pyalitsa|raivke|tetrino|umba|varzuga"
"c_kiranapura","nandgram"
"c_kirillov","kirillov"
"c_kirinyaga","meru|danggali|eura|eyre_lake|frome_lake|manuri|mimbara|nanja|ngadjuri|pedrika_desert|south_australian_desert|south_eyre_lake|tandou_lake|wirameju"
"c_kirkuk","kirkuk"
"c_kirman","zarand|anar"
"c_kishsh","akhsisek|guzor|kelif|kerki|khoja_idat_kala|nasaf|navidakh"
"c_kisi","kisi|mara"
"c_kita","kita|bafoulabe|diakha|narena|niagassola|tabou_m"
"c_kitka","brahestad|kuivaniemi|posio|pudasjarvi|ranua|siikalatva|simo|taivalkoski|uleaborg|utajarvi"
"c_kitoi","bii|choigan|eastern_sayan_mountains1|systyg"
"c_kittila","kittila"
"c_kiz","buleda|gwadar|irafshan|kuddan|pasni|tump|turbat|zik"
"c_kizir","tuba"
"c_klarjeti","tmogvi|akhaltsikhe"
"c_kletsk","kletsk|bolshie_krugovichi|kapyl|lakhva|luninets"
"c_klingenberg","aschaffenburg|bruckenau|lohr|miltenberg"
"c_knin","knin|sibenik"
"c_knittelfeld","judenburg"
"c_koblenz","cochem"
"c_koda","karymkary"
"c_kodalaka_mandala","deogarh"
"c_koh_ker","koh_ker"
"c_koi-bagar","ashchyozek|bakanas|dagandely|koksala|sayak"
"c_kojuk","kolchugino|mariinsk|siberian_wasteland_14|verkh_chebula|verkhotomsk"
"c_kokenois","aluksne|cesis|gulbene|rauna|valmiera"
"c_kokoli","bla|dioila|koulikoro|nyamina|sansanding|segou"
"c_kokpekty","kokpekty"
"c_koksemey","zyryan"
"c_kol","kol"
"c_kolhapur","kolhapur"
"c_kolobrzeg","kolobrzeg|nowogard"
"c_kolon","cakovec|nagykanizsa|zalaegerszeg|zalavar"
"c_kolyn","suna"
"c_kolyvan","karas"
"c_komarom","komarom"
"c_konda_ob","konda"
"c_kondana","chakan|junnar|pune|raigarh|singarh|western_ghats_pune"
"c_kondoma","altay_forest_wasteland_2|askiz|kuznetsk|kytmanovo|salair|ust_kabyrza"
"c_kong","kong|bouna|boundiali|katiola|korhogo|morondo"
"c_kongu","tenkasi|tiruppur"
"c_konigsberg","konigsberg|labiau"
"c_konko","bandafassi|gueme_sangan|konkoure|labe|timbo|tuba"
"c_kono","kono"
"c_kontupohja","hoytiainen|ilomantsi|joensuu|juuka|koitere|konevets|korela|kurkijoki|lake_ladoga|lake_orivesi|lake_otradnoye|lake_suoyarvi|lieksa|loimola|mohko|nurmes|pielinen|salmi|sordavala|suojarvi|vartsila|viinijarvi|yanis_jarvi"
"c_konyan","kerouane|mandiana|odienne|seydougou"
"c_kopathal","almaty|balkhash_lake|boyauli|karakastek|karamergen|kargaly|kurty|saryesik_atyrau_desert|shengeldy|sorbulaq_lake|talkhir|taukum_desert|tian_shan10"
"c_koppam","anegandi"
"c_kordofan","barah|dilling|el_obeid|kadugli|kosa|nuba_sud|teqali|wadi_el_melik|waylula|zankor"
"c_korehari","taga|kesen"
"c_korgon","altay_forest_wasteland_1|oskemen|shemonayevskoye|ust_kalmanka|zmeinogorsk"
"c_korinthos","corinth|argos|damala"
"c_korosten","korosten|ovruch|bilokorovychi|malyn|narodychi|stodolichi|mazyr|buinovichi|kalinkavichy|lelchytsy|pietrykaw|rudobelka|zhytkavichy"
"c_korsun","korsun"
"c_kos-buwak","beleuli|kyushe|sam|sarygamysh_lake|shuruk|sisem_ata|uchkuduk|ust_yurt_lakes|ust_yurt_plateau1|ust_yurt_plateau2"
"c_kos_uba","chet_irgiz|irgiz|karasay|kayrakty|sazanbay"
"c_kosh_kurbay","atach|ishkul|kumak|namjan|or_aktobe|suyunduk|tanalyk|yaik"
"c_koshuki","andreyevskoye|ess|konda|leushinskiy_tuman|malaya_sosva|siberian_wasteland_5|siberian_wasteland_7|syrkovoye|tuman|tursunskiy_tuman|yevra"
"c_kostanay","karasu|kiikkol_lake|sarykopa|sarykopa_lake|saryozen|ulkayak|bolshoy_uvat|tavdinsky_sloboda|tobolsk|vagay|vikulovo|yurginskoye"
"c_kota","kota|bundi"
"c_kotera","educhanka|kezhma|lower_angara|siberian_wasteland_16|upper_angara|yarkino"
"c_kotivarsa","devkot|barbakaabad|pandua_adina|siliguri|tajpur"
"c_kotokel","aban|boguchany|chunoyar|manzaya"
"c_kotoko","bokoro|dourbali|gaoui|logone_birni|moito"
"c_kotte","kotte|mahatittha"
"c_kouga","ras_el_ma"
"c_koutajoki","kajana|kuhmo|kuusamo|paltamo|sotkamo|suomussalmi"
"c_kozelsk","kozelsk|khvastovichi|ktsyn|meshchovsk|usty|vorotynsk"
"c_kozlov","kozlov|kozlov_vyazma|orekhovna|pogoreloye|trufany|zhulino"
"c_kozuke","gunma|tone|nitta|agatsuma"
"c_kracheh_nokor","kracheh|sampheak_borak|tboung_khmum"
"c_krajna","naklo|wyrzysk|zlotow|znin|chodziez|szubin"
"c_krakowska","krakow|chrzanow|ksiaz_wielki|proszowice|olsztyn|czestochowa|lelow|mstow|wislica"
"c_kran","kran|sliven|boruy|bukelon|constantia_bul|elhovo|hiambouli"
"c_kranj","kranj"
"c_krasnoyarsk","krasnoyarsk|kem"
"c_krasso","carasova|kovin|modos|pancevo|semlacu_mare|veliky_beckerek"
"c_krems","krems|horn"
"c_kropot","bii|choigan|eastern_sayan_mountains1|systyg"
"c_kru","fresco|grand_lahou|guinean_jungle|san_pedro|sassandra"
"c_ku_jeku","dandybay|karabay|kurgaldzhin_lake|smai_samkai|tagatay|yegindybulak"
"c_ku_kaeo","loei|chiang_khan|dan_sai|nong_khay|udon_thani"
"c_kucha","kucha|shayar"
"c_kuchuk","bolotnye|dovolnoye|kamen|kozhevnikovo|krivoshchekovo"
"c_kufa","kufa|al_udayb|ayn_tamr|hillah|karbala|qadisiyyah"
"c_kuisugu","bimbilla|djougou|sokode|tirekka"
"c_kuizhou","dabashan1|daning_kuizhou|fengjie|jianshi|kaizhou|liangshan|wanzhou|wushan|wushan_mountains|yunyang"
"c_kujawy","wloclawek|inowroclaw|bydgoszcz"
"c_kukiya","kukiya"
"c_kuku","kuku|bousso"
"c_kulan_utmas","dandybay|karabay|kurgaldzhin_lake|smai_samkai|tagatay|yegindybulak"
"c_kulan_uynak","bakanas|ashchyozek|dagandely|koksala|sayak"
"c_kulunda","kuria"
"c_kumaon","almora|askot|baijnath|champavati|dwarahat|kashipur|nainital|rudrapur_kumaon"
"c_kumasi","kumasi"
"c_kumertau","gebergeyel|irek|khaiylmysh|khaqmar|shikashin|yuldibay"
"c_kumkol","kumkol|jingyu|jingyu_lake|kunlun10|kunlun3|kunlun8|lake_aqqikkol|lake_ayakkum|yalingkuo"
"c_kumtag","turin"
"c_kumych","archit|arti|bisert|krasnoufimsk|nyazepetrovsk|sverdlovsk_forest_1"
"c_kundina","dian_lake|fumin|kunming|lufeng|songming|yiliang"
"c_kuozhou","kuozhou"
"c_kuranko","falaba|kamabai|kissidougou|kono|yagala"
"c_kurdar","aral_sea|kath|khurgancha|pulzhai|qonirat|shimbay|xojeli"
"c_kurdistan","akre|mawet|piranshahr|qaladiza|rawanduz|sardasht"
"c_kurgan","chimgi_tura|shadrinsk|stepnoye|tsaryovo_gorodishche|tugulym|yalutorovsk"
"c_kurgus","connector_egypt11|damanhur|kharibta|nitrian_desert|ramsis|rashid|tarrana|wadi_el_natrun"
"c_kurmaed","bumthang|himalaya22|lhuntsi|tawang|trasigang|trongsa|zhemgang|zhongkar"
"c_kurmina","safare|dogo|gargando|korientze|ras_el_ma|soumpi"
"c_kursk","kursk|fatezh|kosozhichi|manturovo_kursk|olgov|opalkova|oskol|troitskoye_na_shchigrakh|rylsk|sudzha|oboyan"
"c_kurtysh","big_balkhan|orta_kuyu|talaikhan_ata|uzboy"
"c_kurumba","aribinda"
"c_kush-murun","karasu|kiikkol_lake|sarykopa|sarykopa_lake|saryozen|ulkayak"
"c_kusinagara","andar|azamgarh|chillupar|rudrapur|sonepur_bihar|thawe"
"c_kusumi","myaungmya|dala|maubin|naungyo|ngaputaw|twante"
"c_kusunkotan","boluohe|guohuo|kushunkotan|nayoro"
"c_kutch","great_rann_of_kutch|kantha|kapilkot|lakhiyarvira|lakhpat|little_rann_of_kutch"
"c_kuzbas","kuznetsk|altay_forest_wasteland_2|askiz|kytmanovo|salair|ust_kabyrza"
"c_kuzeytorg","belaya_kalitva|luhansk|millerovo|mityakinskaya|novoaidar"
"c_kwahu-akyem","accra"
"c_kwararafa","kwararafa|wukari"
"c_kyadya","lokoja"
"c_kyakyaru","baryang|dargyeling|dzongkar|gangdise8|himalaya10|himalaya9|lo_mustang|sengli_lake|tradun"
"c_kyaukse","kyaukse|yawnghwe"
"c_kyin","altayskoye|biysk|mayma|onguday|smolenskoye|teletskoye|ust_koksa"
"c_kymyl_tey","altay_forest_wasteland_3|biryusa|dzerzhinskoye|ilansky|kansk|krasnoyarsk|yemelyanovo"
"c_kyunglung","drangtse|gangdise1|gartok|hanle|himalaya14|ormogang|pangong_lake|rala|rutok|spanggur_lake|tashigang|tsherlung"
"c_kyzistra","zeila"
"c_kyzylkul","abakasnk|beya|idrinskoye|minusinsk|shushenskoye"
"c_la_marche","aubusson|bellac|bourganeuf|brosse|charroux|gueret|rochechouart"
"c_labda","tawurgha"
"c_labourd","bayonne|mauleon|saint_jean_pied_de_port|dax|mimizan"
"c_lachyk-uba","adalaga|barvinkove|izium|kupiansk|sloviansk|vovchansk"
"c_laconia","kythira|monemvasia|mystras|oitylo"
"c_ladyzyn","balta|bershad|bratslav|drahushiv|karabul|savran"
"c_lag_dera","garreh|north_dahalo|north_sakuye|south_sakuye"
"c_laghwat","ain_madhi|laghouat|messaad|ouled_djellal"
"c_lahur","kasur"
"c_laia","kalatay|nizhny_tagil|nizhnyaya_salda|pervouralsk|rezh|uktus"
"c_laizhou","beihai|changyi|gaomi|jiaoshui|luxiang|yexian_laizhou|ye|changyang|jimo"
"c_lakhnau","hardoi"
"c_laksmanavati","gaur|godagari|naogaon|pabna|rampur_boalla"
"c_lam_tay","fan_si_mountains2|fan_si_mountains3|lai_chau|quy_hoa|thuy_vi|van_ban"
"c_lampang","lampang|phayao|phrae|luang_prabang_range1|luang_prabang_range2|muang_ngao|nan|pua|thung_yang"
"c_lamu","lamu"
"c_lanarkshire","lanark"
"c_lancashire","blackburn|lancaster|liverpool|manchester|pennines_01|pennines_02|preston"
"c_lanciano","lanciano|chieti"
"c_landsberg","landsberg|santok|choszczno"
"c_langres","langres"
"c_langshan","alxa|bagh|bayankhot|bayannurhong|tengger_desert|ulan_buh_desert|urad"
"c_langya","linyi|xintai|yishui"
"c_langzhou","wuling|longyang|taoyuan|yuanjiang|talang|tongguan_yuanjiang|yuanjiang_yuanjiang"
"c_langzhou_1","langzhong|cangxi|nanbu"
"c_lanzhou","lanzhou|adeqiu|gongshan|lanzhou_lanzhou|luzhang|nushan|zhiziluo|zhuluo|hehe|jingle"
"c_lanzhou_1","lanzhou|jincheng|didao"
"c_lapusna","chisinau"
"c_lar","lar|darz|dehtal|fin|ruydar"
"c_lasta","antalo|lalibela|sokota|doba"
"c_lecce","lecce|brindisi"
"c_leczycka","leczyca|lodz|orlow|zgierz"
"c_legnica","legnica|boleslawiec|jawor|wolow|zlotoryja|glogow|gora|kozuchow|szprotawa|zielona_gora"
"c_leh","leh|shey"
"c_leicestershire","bosworth|leicester|loughborough|rutland"
"c_leinster","wexford|carlow|ferns|new_ross"
"c_leizhou","haikang|qingdao|suixi|xuwen|zhanchuan"
"c_lena","charang|kenkeme|nuochakha|tit_ebya|toyon_ary|tyokhtyur|ulakhan_an"
"c_lenggu","muli|kheong|waerhdje"
"c_lenghu","altun_shan2|altun_shan3|balgatai|chogyal_khar|dongbabuxun_lake|dsun|gashun|gongtai_ji_naier_lake|hala_lake|kunlun6|kunlun7|nalinggele|north_hulsan_lake|qilianshan3|temirlik|tsaidam|tsaidam_dunes|yuka"
"c_lennox","dumbarton|glasgow"
"c_leon","leon|east_cantabrian_mountains|mansilla|riano|sahagun|sarria|villablino"
"c_lepsink","bole"
"c_leraba","korhogo"
"c_lesbos","lemnos|imbros|mitilene|molyvos|sporades"
"c_leuchtenburg","kulmbach|bayreuth"
"c_lhagang","lhagang"
"c_lhari","lhari"
"c_lhasa","lhasa|samye"
"c_lhatok","jomda"
"c_lhunze","chikchar|gonpatsi|himalaya18|lake_puma_yumco|lho_taklung|lhodrak|tragor|trigu|yamdrok_lake|zangchen"
"c_lhunzhub","damzhung|drigung|galo|gyama|lhasa|nyainqentanglha1|taklung|tsora|tsurphu"
"c_liangzhou","wuwei|shenwu"
"c_lianzhou","lianzhou|anyuan_lianzhou|gaoyang|hepu|lingshan|ruxi|xiaodong|changning|lanshan|leiyang|linwu|pingyang_guiyang|lianshan|yangshan"
"c_lianzhou_1","lianzhou|hepu"
"c_liao_fengzhou","fengzhou"
"c_liaoquan","ganzhou|hongshui|liyuan|qidaban|qilian|qilianshan1|shandan"
"c_liaozhou","heshun|liaoshan|yushe|fenxi"
"c_lidong","chengmai|lehui"
"c_liebnitz","leibnitz|maribor"
"c_liege","liege|limbourg|st_vith|stavelot|la_roche"
"c_lienz","lienz"
"c_lika","crikvenica|dinaric_alps9|kaseg|krk|otocac|pag|rijeka|senj"
"c_lille","lille|aire"
"c_limousin","aixe|limoges|nontron|segur|st_leonard|thiviers|chalus|ventadour|turenne|tulle|ussel"
"c_lincolnshire","boston|grantham|grimsby|lincoln|louth|spalding"
"c_lingtsang","gegong|hengduanshan8|longtang|mangge|sershul"
"c_lingxi","xizhou"
"c_lingzhou","lingzhou|dingyuan_lingzhou|ningxia|yanchi|lingwu"
"c_lingzhou_1","lingzhou|renshou|jingyan"
"c_linjiang","linjiang|qingjiang|xingan_linjiang|xinyu|xingan|goupingguan|hanyin|ningshan|pingli|shiquan|xicheng|xunyang|ziyang_xingan"
"c_linlithgowshire","linlithgow"
"c_linz","linz|steyr"
"c_linzhou","linzhou|xintai"
"c_lippe","buren|detmold|hoxter|lippstadt|paderborn|rietberg|soest|warburg"
"c_lipto","liptovsky_mikulas|oravsky_podzamok|povazska_bystrica|trencin|turciansky_svaty_martin|western_carpathians1|western_carpathians2|zilina"
"c_lisboa","santarem|setubal"
"c_lisieux","lisieux"
"c_litang","litang"
"c_litomerice","litomerice|decin"
"c_liuzhou","laibin|liucheng|maping|wuxian_liuzhou|yangshou|luorong|dayaoshan|lipu|yangshuo"
"c_livs","parnu|viljandi"
"c_liyang","liyang|hezhou|cili|anxiang|gongan|huarong"
"c_liyang_2","liyang|hanshan"
"c_lizhou_2","lizhou|miangu"
"c_ljubljana","ljubljana"
"c_lleida","lleida|agramunt|prades"
"c_lnj_liaoxi","baitan|kuanhe_xingzhou|limin|liuyuan|niushan|taipingzhuang|xiabancheng|yanshan_mountains1|yixingzhou|zhangsanying"
"c_lnj_liaoxibei","liping"
"c_lobdaburg","hof"
"c_lobi","boromo|kirikongo"
"c_lobo","fresco|grand_lahou|guinean_jungle|san_pedro|sassandra"
"c_logudoro","alghero|bitti|bosa|castelsardo|macomer|ozieri|sassari|thiesi"
"c_lolland_falster","assens|falster|navskov|odense|svendborg"
"c_lombardia","milano|legnano|rho|varese|monza|como|lake_como|lecco|rhaetian_alps5|treviglio"
"c_lomzynska","lomza|kolno|ostroleka|wizna|zambrow"
"c_long_hung","kengtung|mong_hpayak|mong_hsat|mong_yang|mong_yawng|mongping|kengtawng|lai_hka|mawkmai|mongkung|mongnai|mongtung|longchuan|luchuan_mangshi|mangshi|namsam_range"
"c_longde","longde|luzhou|shangdang|lucheng|xiangyuan"
"c_longzhou","jiangyou|qingchuan"
"c_longzhou_2","qianyang|wushan"
"c_lop_buri","sri_thep|mueng_rat|phuenchapura"
"c_lori","lori|kayan"
"c_loropeni","loropeni"
"c_lothian","dunbar|edinburgh|linlithgow|stirling"
"c_loulan","loulan"
"c_lower_dniepr","nikopol"
"c_lower_galatia","aksaray|hacibektas|insuyu|kirsehir|kochisar|kulu_turkey|lake_tuz|nevsehir|sariyahsi|urgup"
"c_lozova","pokrovsk"
"c_luang_prabang","muang_sua"
"c_lubeck","lubeck|eutin|heiligenhafen|lauenburg|ratzeburg|kiel"
"c_lubelska","lublin|janow_lubelski|kazimierz|lubartow|lukow|urzedow"
"c_lubusz","lebus"
"c_lucca","lucca|fosdinovo|massa|north_apennines|pescia|pistoia|prato"
"c_ludrava","ludrava|jaisalmer|pokhran|ramgar|thar_desert|thar_desert_2|thar_desert_bikaner"
"c_lujiang","lujiang|luzhou|hefei|chao|shucheng"
"c_luki","kholm"
"c_lukoml","hlybokaye"
"c_lumbini","lumbini|gulmi"
"c_luneburg","luneburg|uelzen|celle"
"c_lunggar","ang_laren_lake|dawa_lake|gangdise2|gangdise7|gyesar_lake|lake_trati_nam|lunggar1|mendong|palung_lake|rinchen_lake|samten|selephu|takkyel_lake|taruo_lake|zabuye_lake"
"c_luni","genoa|lavagna|sarzana"
"c_luntai","bugur"
"c_luobupo","bailongdui|dashahai|kumtag1|kumtag2|kumtag3|lop_lake|loulan|miran"
"c_luodian","luodian"
"c_luozhou","lianjiang|shilong|wuchuan"
"c_luristan","aligurdaz|borborud|borujerd|dorud|gerit|sibak"
"c_lusignan","lusignan|niort"
"c_luuq","luuq"
"c_luxembourg","luxembourg|bastogne|vianden"
"c_luxi","luxi|yuanling|chenxi|xupu"
"c_luyang","luyang"
"c_luzhou_2","luzhou|luchuan|hejiang"
"c_lviv","lviv|bereschany|brody|yavoriv|zhovkva|zvenyhorod|busk|buchach"
"c_lxj_fengzhou","fengzhou|yongfeng"
"c_lxj_huanzhou","huanzhou"
"c_lxj_yangchengzhou","yangcheng"
"c_lxj_yunneizhou","zhenwu"
"c_lxj_yuyidong","baochang|fuzhou|gaoyuan|weining|yanshan_mountains2|zhongdu"
"c_lycandus","comana"
"c_lycaonia","eregli_kar|eskil|hatunsaray|karapinar|larende|middle_taurus_1|obruk|pirloganda"
"c_lycia","antalya|elmali|finike|istanoz|kas"
"c_lydia","adranos|bursa|dursunbey|harmancik|iznik|lake_iznik"
"c_lyon","lyon|villars|beaujeu"
"c_lysva","lysva"
"c_lyubim","lyubim"
"c_lzj_chengde","xinghua"
"c_lzj_chengdexi","baochang|fuzhou|gaoyuan|weining|yanshan_mountains2|zhongdu"
"c_ma_linh","amarendrapura|annamese_range5|phon_nha|visnupura|vrddha_ratnapura"
"c_maab","al_quwayrah|amman|aqaba|karak|maan|madaba|shoubak|sughar"
"c_maan","maan"
"c_maastricht","maastricht|eindhoven"
"c_macon","macon|semur_en_brionnais"
"c_macva","debrc|krupanj|sabac|valjevo|uzice"
"c_madaya","hsipaw|kyaukme|monglong|ngasingu|wetwin"
"c_madeira","funchal|porto_santo"
"c_madhupur","pabna"
"c_madoi","madoi"
"c_madrid","madrid|alcala_de_henares|colmenar|el_escorial|maqueda"
"c_madurai","madurai|tirunelveli|kayal"
"c_mae_hong_son","mae_hong_son"
"c_mafaza","anarak_jondaq_corridor|dasht_kavir1|dasht_kavir2|dastgerdan|hamun_dasht_kavir|jondaq|korit|ribat_ushturan|ribat_ushturan_jondaq_corridor|saghand|tabas_al_tamr|tabas_al_tamr_ribat_ushturan_corridor"
"c_magadha","bihar_sharif"
"c_magdeburg","magdeburg"
"c_maghas","grigoropolisskaya|petrovskoye_pontic|shad_kirman|stavropol|uspenskoye"
"c_magwe","magway|pagan|salay|talok|taungdwingyi"
"c_mahdiya","monastir|susa"
"c_mahishaka","belur|dvarasamudra|haleri|hassan_karnataka|kadur|mankunda|mysore|nanjanagud|narsipur|sathyagala|seringapatam|shravanabelagola|srigangapatna|ummatur|western_ghats_haleri"
"c_mahoba","mahoba|chitrakuta|rath"
"c_mahra","abdalkuri_island|dhufar|hadibu|khalfut|mirbat|qishn|qulensya|raysut|balhaf"
"c_mahur","mahur|sirpur|nirmal|manikdrug"
"c_maine","le_mans"
"c_mainling","himalaya19|metog|rigyal|tirkong"
"c_mainz","mainz|wiesbaden|katzenelnbogen"
"c_mait","basud|kalapang|lake_naujan|mamburao|mangarin|haylan"
"c_makhir","burao|erigavo|garoowe|haylan|maduna|qardho|somalian_mountains"
"c_malaga","malaga|antequera|marbella|ronda|velez_malaga"
"c_malagon","malagon"
"c_malbork","malbork|elblag"
"c_maldives","addu_atoll|male_atoll|nilandhe_atoll|thiladhunmathi_atoll"
"c_maldwyn","penllyn|machynlleth"
"c_malindi","malindi|ungwana"
"c_mallabhum","bishnupur|bankura|barabhum|chandrakona|hijli|madaran|raipur_bengal|tamluk"
"c_mallorca","ciudadela_de_menorca|ibiza|manacor|palma|pollensa"
"c_malta","malta"
"c_mamadych","kabachischi|kiknur|kutarka|morki|sernur|urzhum|yaransk|yoshkar_ola"
"c_mamprusi","bimbilla|djougou|sokode|tirekka|bawku"
"c_man","tura"
"c_mana","bolshoy_uluy|itatsky|kazachinskoye|makovskoe|tyukhtet"
"c_manaka","kashkanteniz|kyzylsay|moiynty|mukur|zhamshy"
"c_manatau","kiyl|koptam|mavliberda|uil"
"c_mandab","al_mandab|musaymir|adan|al_arah|al_mafalis|lahj|zinjibar"
"c_mandapika","alirajpur|bijagarh|handia|khandwa|khategaon|maheshwar|mandleshwar|mandu"
"c_mandavyapura","siwana|osian"
"c_mandestan","firuzabad|bandar_deyr|dehram|kalameh|khormoj|riz|karzin"
"c_mangnai","kengtawng|lai_hka|mawkmai|mongkung|mongnai|mongtung"
"c_mangra","muxihe|qinlingshan1|quge|sailahai|zeku"
"c_mangyshlak","dead_kultuk|dead_kultuk_sor|kabakty|karatobe_mangyshlak|ketik_kala|kyzylkala"
"c_manikpur","manikpur|bhadohi|mungra|raebareli|unnao"
"c_manipur","imphal|loktak_lake|naga_hills1|naga_hills2|thoubal"
"c_mansfeld","sangerhausen"
"c_mansura","mansura"
"c_manthang","dolpo"
"c_mantua","goito|mantova|ostiglia|guastalla"
"c_manturovo","manturovo|kostroma|nerekhta|ostrovskoye|sudislavl|yakovlevskoye_bolshoye|chukhloma"
"c_maozhou","baoning_maozhou|shiquan_maozhou|wenchuan|wenshan|yishui"
"c_maqen","amnye_machen|bayan_har|darlag|lab_lake|lungkya|madoi|ngoring_lake|zhaling_lake"
"c_maqu","dartang|droge|metsang|takden"
"c_maragha","heris|maragheh|qaradagh_mountains3|qaradagh_mountains4|sarab|tabriz|tufarqan|ujan"
"c_maralbeshi","artush|barchuk|kashgar|maralbexi|payzawat|tian_shan1|tokkuzak|yingisar|yopurga"
"c_marash","marash|afsin|elbistan|enguzud|goksun|kapan|middle_taurus_8|ulnia"
"c_marburg","marburg|nidda|budingen|wetzlar"
"c_mareeg","mareeg|el_buur"
"c_mari-turek","kabachischi|kiknur|kutarka|morki|sernur|urzhum|yaransk|yoshkar_ola"
"c_mark","altena|arnsberg|attendorn|berleburg|brilon|meschede|siegen"
"c_markam","dzogang|mengung|tsakhalkho"
"c_marmaros","cuhea|eastern_carpathians1|eastern_carpathians2|khust|mezhorje|rakhiv|sighet"
"c_marrakesh","marrakesh|aghmat|hanimmei|middle_high_atlas|naffis|tamdegost|tinmel|western_high_atlas1"
"c_marsabit","garreh|north_dahalo|north_sakuye|south_sakuye"
"c_marsan","bazas|belin|condom|nerac|sauveterre_de_guyenne"
"c_martyuba","vetluga|vokhma"
"c_marvarrud","barkdiz"
"c_masa","binder|bongor|doba|goundi|lame|mbara"
"c_masabadhan","aleshtar|khorramabad|kuhdast|pol_dokhtar|sarab_dowreh"
"c_masalit","ain_farah|kabsoru|kebkabiya|kujunung|mornei|towing|uri"
"c_masin","timbedra"
"c_massawa","massawa"
"c_massina","dia|mara|jita|joluo|kuria|mumias|west_eastern_rift_mountains|shoma"
"c_mathura","mathura|agra"
"c_matya","bondari|kirsanov|mordovo|morsha|rasskazovo|sasovo|staroyuryevo|tambov|uvarovo|zherdevka"
"c_mau","touba"
"c_mayo","mayo|ballaghaderreen|burrishoole|castlebar|erris|lough_conn|lough_mask|sligo"
"c_mayyafariqin","mayyafariqin"
"c_mazandaran","al_mamtir|amol|chalus|elburz_mountains5|elburz_mountains6|kojur|tonekabon"
"c_mazongshan","mazongshan"
"c_mearns","aberdeen"
"c_meaux","meaux"
"c_mecca","mecca|al_jumum|al_lith|dhat_irq|ghumayqah|jeddah|yalamlam|khulays|al_abwa|al_juhfah|al_muthainiyah|ar_rayyan|asfan|qudayd"
"c_mecklenburg","wismar|ratzeburg|schwerin|butzow|doberan|grabow|grevesmuhlen|hagenow|rostock|parchim"
"c_medantaka","bahadamer|gudamalani|khed|kiradu|kurki|mandore|osian|pali|phalvardhika"
"c_medapata","nagahrada"
"c_medellin","medellin"
"c_medelpad","alfta|havero|hogdal|hudiksvall|selanger|soderala"
"c_medina","medina|al_furaish|al_hegrieah|as_suwaydirah|khalis_medina"
"c_medjerda","beja_TUN|el_kef|el_ksour|jama_TUN|medjez_el_bab|souk_el_arba|thagaste"
"c_meissen","meissen"
"c_meizhou","meizhou|danleng|pengshan|qingshen"
"c_meizhou_1","meizhou|chengxiang"
"c_meknes","meknes|baht|sefrou"
"c_melilla","melilla"
"c_melitene","arguvan"
"c_mema","balle|diara|east_erg_aoukar|koumbi_saleh|nema|timbedra|walata"
"c_memar","bairab"
"c_memel","memel|taurage"
"c_menas","menas"
"c_menorca","ciudadela_de_menorca|ibiza|manacor|palma|pollensa"
"c_mentawai","siberut|sipura|batu"
"c_merida","merida|azuaga|llerena|monesterio|montanchez|zafra|trujillo|escurial|herrera|puebla_de_alcocer"
"c_merioneth","harlech"
"c_meroe","abu_hamed|berber|dongola|karima|kerma"
"c_mersenburg","merseburg|leipzig"
"c_merv","merv|barkdiz|karakum_desert3|karakum_desert4|karakum_desert5|karakum_desert6|pandjih|sinj"
"c_mesembria","varna|karvuna"
"c_mesopotamia","adakli|bingol|cemisgezek|genc|harput|keban|kuzucan|lake_hazar|mercan_mountains_1|mercan_mountains_2|palu|pertek|sivrice"
"c_messenia","kalamata|kyparissia|leuktron|modon|peloponnesian_mountains2|karytaina|tripolitsa|veligosti"
"c_messina","messina|cefalu|catania"
"c_messukyla","birkala|bjorneborg|hvittis|ikalis|nasisalki|orivesi|raumo|sastamala|sastmola"
"c_metz","metz|saarburg"
"c_metzovo","arta|ioannina|parga|pindus_mountains7|preveza|pyli"
"c_mianzhou","mianzhou"
"c_miastko","miastko|szczytno"
"c_middlesex","london"
"c_midnapore","bankura|barabhum|bishnupur|chandrakona|hijli|madaran|raipur_bengal|tamluk"
"c_mikawa","hekikai|hoi|kamo_mikawa|shitara|kamo"
"c_miliez","milicz|olesnica|namyslow|sycow|trzebnica"
"c_millau","millau"
"c_millerovo","millerovo"
"c_mimasaka","aita|kume|mashima|tomata"
"c_minbu","salin|arakan_mountains1|laungshe|ngape|sagu"
"c_minden","minden|diepholz|hoya"
"c_mingzhou","yongnian|handan|fuyang"
"c_mingzhou_1","xiangshan|cixi"
"c_mino","mino|ena|fuwa_mino|gujou|ikeda|katagata|minokamo|mugi|toki|fuwa"
"c_minsk","minsk|chervyen|koidanova|marjina_horka|rakau|stowbtsy|svislach|lahoysk|begoml|byerazino|ilya|krasnoe|smalyavichy|barysaw|bobr|krupki|lukolm|lyubashany"
"c_minzhou","minzhou|tanchang|xigu"
"c_mithila","darbhanga|janakpur_nepal|jhanjharpur|madhubani|siraha|sitamarhi|hajipur"
"c_mizhou","anqiu|changle|wulian|zhucheng|gaomi|jiaoxi"
"c_modena","modena|frassinoro|mirandola|nonantola|canossa"
"c_modrus","karlovac|petrinja|sisak|slunj|varazdin|zagreb"
"c_moeng_laem","mong_yang"
"c_moeng_long","muang_sing|chom_khao_maneerat|hongsa|muang_luang_phukha|muang_xay|phou_mountains|vieng_phouka"
"c_mogadishu","mogadishu|warsheikh"
"c_mohadavasaka","idar"
"c_molina","medinaceli|siguenza"
"c_momauk","waingmaw"
"c_mombasa","mombasa"
"c_monferrato","acqui|asti|casale"
"c_mongnai","mongnai|kengtawng|lai_hka|mawkmai|mongkung|mongtung"
"c_monkh_saridag","bii|choigan|eastern_sayan_mountains1|systyg"
"c_monmouthshire","monmouth"
"c_montaigu","montaigu|talmont"
"c_montargis","montargis"
"c_monterrei","barco_de_valdeorras|ginzo_de_limia|monterrey|ourense|ribadavia|viana_bolo"
"c_montpellier","montpellier|nimes"
"c_monyin","shwegu"
"c_mora","mora|asaita|killelu|mora_eth|ucles|ocana|alcazar_de_san_juan|chinchon|consuegra|tomelloso"
"c_morarna","ragunda"
"c_moray","badenoch|cairngorm|elgin|inverness|loch_ness|urquhart"
"c_more","kalmar"
"c_mosala","pithapuram"
"c_moskva","kolomna|khatun|koshira|przemysl_moscow|serpukhov|vysokoye|dmitrov"
"c_mosul","mosul|al_sinn|balad|duhok|qayyarah|sinjar|tal_afar"
"c_mosynopolis","xanthia|traianopolis|thasos"
"c_moura","moura|serpa"
"c_mozhaysk","mozhaysk|borovsk|maloyaroslavets|medyn|vereya|vetza|lotoshino"
"c_mozhou","wenan|qingyuan|anhua_huanjiang|hechi|libo|sien|xincheng_xincheng|yishan"
"c_mrima","pangani|mkwaja"
"c_mto_galana","agikuyu|kitui|oda_boru_ruva|south_dahalo|wenje"
"c_muang_fa_daet","khon_kaen"
"c_mudgagiri","deoghar|dumka|jangipur|mandar_parvat|rajmahal|teliagarhi"
"c_mudug","awrtable|ceeldheer|dusmareb|el_buur|el_hamurre|galkayo"
"c_mueang_phra_rot","rayong|chanthaburi_jungle|dong_si_maha_phot|muang_khuan_kra_buri|phanat|sa_kaeo"
"c_mugan","varsan"
"c_mugodzhar_hills","chet_irgiz|irgiz|karasay|kayrakty|sazanbay"
"c_mukdahan","mukdahan"
"c_mulaka","ahmednagar|bir|dahrur|daulatabad|jalna|nander|pathri|qandhar|udgir"
"c_multan","multan|tulamba"
"c_muluvagil","padaividu"
"c_muluya","ameskour|debdou|east_high_atlas|guercif|midelt|namalata|north_middle_atlas|sefrou|south_middle_atlas2|tabarida|taza|terrest|tezerghe"
"c_mumo","alyanbulag|baibalyk|kharkhul|mori_baridag|tarvagatai"
"c_munchen","garmisch|miesbach|schongau|tolz|weilheim"
"c_munda","bengmara|dibrugarh|konwargaon|lakhimpur|ziro"
"c_munio","nguru|biriri|garandoili|garun_gabas"
"c_munjan","araska|fayzabad|hindu_kush2|hindu_kush3|hindu_kush4|jurm|pamir3|sar_sang|zebak"
"c_munster","munster|warendorf|soest"
"c_murcia","murcia|cartagena|lorca|mula|cieza"
"c_murom","murom|gorbatovo|klepiki|melenki|shatur|starodub_votsky|pavlovo"
"c_murun_tomis","karasu|kiikkol_lake|sarykopa|sarykopa_lake|saryozen|ulkayak"
"c_murzuk","murzuk"
"c_murzzuschlag","murzzuschlag"
"c_musashi","adachi_kanto|chichibu|hanzawa|hiki|saitama|tachibana|tama|toshima_kanto|adachi|toshima"
"c_muscat","masqat|qalhat|sur"
"c_mushun","aksumbe|gulshara|kyzylkorgan|moiynkum_desert|ran|sozak|tasty"
"c_mustasaari","karleby|kaustby|koppo|korsholm|lappo|pedersore|storkyro|vora"
"c_muya","bratsk|chuva|nizhneudinsk|siberia_kuytun|siberian_wasteland_17|staraya_zima"
"c_muze","fan_si_mountains1|luokong|muong_te|nalou|phong_tho|situo"
"c_muzhou","jiande|suian"
"c_myeongju","myeongju|samcheok|ingnyeong|uljin"
"c_myitkyina","myitkyina"
"c_mysia","balikesir|balya|bergama|bigadic|edremit|lake_manyas|lake_uluabat|manyas|mihalic|soma|susurluk"
"c_nabadwipa","chandrabad|jessore|jhenaidah|maheshpur|nadia|pipli|sreepur"
"c_naddula","bhilwara"
"c_naga","naga|dikhu|liangmei|rongmei_naga|viswema"
"c_nagarze","chikchar|gonpatsi|himalaya18|lake_puma_yumco|lho_taklung|lhodrak|tragor|trigu|yamdrok_lake|zangchen"
"c_nagato","abu|asa|mishima_island|ootsu|toyoura"
"c_nagauda","makrana"
"c_nagchu","barom|nakchu|rongpo"
"c_nagormo","altun_shan2|altun_shan3|balgatai|chogyal_khar|dongbabuxun_lake|dsun|gashun|gongtai_ji_naier_lake|hala_lake|kunlun6|kunlun7|nalinggele|north_hulsan_lake|qilianshan3|temirlik|tsaidam|tsaidam_dunes|yuka"
"c_naimisa","bahraich|balrampur|gonda|shravasti|tulsipur|lakhimpur"
"c_naissus","svrljig|pirot"
"c_najera","najera|logrono|arnedo"
"c_najran","najran|sada"
"c_naju","naju|haenam|hekusando|hwasun|jangheung|jindo|muan|yeonggam|yeonggwang"
"c_nakhon_pathom","ayodhya|chaisri|dong_lakhon|kanchanaburi|lopburi|prachinburi|ratchaburi|sankamphaeng_mountains|saraburi|suphanburi|wang_pho"
"c_nakhshab","bukhara|chiroqchi|dengizkul_lake|firabr|kish_shahrisabz|koson|muborak|paikend|tim_samarkand"
"c_nakkavaram","austen_harbour|barren_island_coast|indonesia_high_sea4|indonesia_high_sea5|indonesia_high_sea6|indonesia_high_sea7|indonesia_high_sea8|indonesia_high_sea9|inner_nicobar_channel|inner_sombrero_channel|woodmason_bay"
"c_naldurg","ausa"
"c_nallamala","amaravati"
"c_nalu","bissagos|boke|iles_de_los|rio_grande|rio_nunez|rio_pongo"
"c_nam_dinh","thanh_hoa|co_dang|khet_theu|nga_lac|quan_da_chau"
"c_namandiru","mboune|linguere"
"c_namastau","koskuduk|manysai|shagan|ushkan|zhaksy_karasay"
"c_namdalfylki","levanger|lierne|namdal|orland|snasa|steinkjer"
"c_namur","namur|dinant|orchimont|walcourt"
"c_namwon","namwon|imsil|jeongeup|musong|jinan"
"c_nan_asia","nan"
"c_nanan","nanan|chongyi|dayu|nankang|shangyou|anyi|duchang|jianchang|poyang_lake|xingzi"
"c_nancy","nancy|epinal|salm"
"c_nandana","lund"
"c_nandian","nandian"
"c_nang","buchu|daklha_gampo|gyamda|nyainqentanglha2|nyainqentanglha3|zhokha"
"c_nangqen","chodrak|gechak|jang_tana|nangchen|pelme|tanggula1|zurmang_namgyaltse"
"c_nanjian","shunchang|youxi|jiangle"
"c_nankang","nankang|anyi|duchang|jianchang|poyang_lake|xingzi|pengze|hukou"
"c_nanping","nanping|guiping|guizhou_xunzhou|luoxiu|pingnan|watang"
"c_nantes","nantes|guerande|chateaubriant"
"c_nanumba","banamba|goumbou|guire|mourdiah|sagala|sosso"
"c_nanxi","nanxi|rongzhou|yibin"
"c_nanzhou","nanchuan"
"c_napoli","caserta|gaeta|naples|nola|piedimonte|sora|venafro"
"c_naqis","aydhab|badi|deraheib|east_nubian_desert|horn_desert_corridor1|horn_desert_corridor2|horn_desert_corridor3|south_eastern_desert|suakin"
"c_narim","ket|melnikovo|molchanovo|pervomayskoye|tomsk"
"c_narke","riseberga"
"c_narva","narva|poltsamaa"
"c_narym_DZU","kurchum|kandysu|kokpekty|shar|zaysan|zyryan"
"c_nasaiya","andijan|arslanbob|gulcha|jalalabad_fergana|uzkand|quba|marghinan|orgelet|poligny|pontarlier|saint_claude|salins_les_bains"
"c_nasibin","barqaid|dara"
"c_nasrabad","arslanbob|sarybulak|arkat|kaynar_atbai|takhir|zhanaarka"
"c_nassau","siegen|diez"
"c_natangia","balga|brandenburg_prussia|fischhausen|gerdauen|insterburg|konigsberg|wehlau"
"c_naumberg","beeskow|calau|cottbus|guben|lubben|luckau|spremberg|zossen"
"c_naumburg","naumburg|altenburg"
"c_naushki","eastern_sayan_mountains3|eringiin|khatgal|lake_khuvsgul|uur"
"c_navarra","pamplona"
"c_navasarika","nandurbar"
"c_naxos","naxos|amorgos|andros|kythnos|milos|mykonos"
"c_ndenye","banda_ahenkro|begho|bondoukou|bono_manso|dormaa|kintampo|sampa|techiman"
"c_neamnt","roman"
"c_nebit_dag","dehistan|faraveh|ganlygala|gazanjyk|jargalan|maraveh|sarlawuk|small_balkhan"
"c_nedenes","amli|flekkefjord|lindesnes|oddernes|otredal|oyestad|sirudal|sondeled"
"c_nedersticht","utrecht|amersfoort"
"c_negev","al_quwayrah|amman|aqaba|karak|maan|madaba|shoubak|sughar"
"c_nellore","nellore|kalahasti"
"c_neopatras","neopatras|bodonitsa|gravia|zetounion"
"c_neramkary","verkhoturye"
"c_neuchatel","neuchatel|basel|bienne|delemont|lake_neuchatel|solothurn|pontarlier"
"c_neufchateau","arches|darney|epinal|mirecourt|neufchateau_des_vosges|saint_die"
"c_nevers","nevers"
"c_ngawa","dartang|droge|metsang|takden"
"c_nghe_an","chi_la|nghe_ann|nhat_nam|tho_hoang|dien_chau|muang_sam_tai|quy_chau|quynh_lam"
"c_ngoenyang","chiang_saen|chiang_rai|chiang_khong|daen_lao_range|phayao|wiang_fang"
"c_ngoring","amnye_machen|bayan_har|darlag|lab_lake|lungkya|madoi|ngoring_lake|zhaling_lake"
"c_niani","niani"
"c_nias","simeulue"
"c_nice","nice|grasse|maritime_alps1|puget_theniers|barcelonnette|digne"
"c_nicopolis","arta|angelokastron|vonitsa"
"c_nicosia","paphos"
"c_niebla","niebla|huelva|almonaster_la_real|aracena|aroche|ayamonte|puebla_de_guzman|zafra"
"c_nih","doroh"
"c_nihawand","asadabad|bisotun|malayer|nahavand|sonqor|zagros_mountains10|zagros_mountains11|zagros_mountains9"
"c_nikaea","adranos|bursa|dursunbey|harmancik|iznik|lake_iznik"
"c_nikki","nikki|kandi|babana|banikoara|kouande|segbana|sori|agbonle|bussa|kaiama"
"c_nikopolis","lovech"
"c_ningduzhou","yudu|huichang|qianhua|ruijin"
"c_ninive","al_sinn|balad|duhok|mosul|qayyarah|sinjar|tal_afar"
"c_niomi","albreda|djilor|juffure|kahone|sine_ngayene|sorokogne|wanar"
"c_nishapur","nishapur|fadisheh|kadkan|khorasan_mountains1|khorasan_mountains2|pivehzhan"
"c_nizhny_novgorod","nizhny_novgorod|dalneye_konstantinovo|gorokhovets|meshchersk|pestyaki|rastyapino|gorodets|kadyy|korenevo|lukh|vasilyeva_sloboda|yuryev_povolzhsk"
"c_nizwa","nizwa|bahla|hajar_mountains|ibra|ibri|izki|sinaw|yanqul"
"c_njudung","jonkoping"
"c_nongdong","gaoligongshan1|nandan_tengcheng|nandian|tengchong|wadian|zhenxi|dian_lake|fumin|kunming|lufeng|songming|yiliang"
"c_nordlingen","dillingen|crailsheim"
"c_nordmark","nordmark|josse|gillberg"
"c_nordrland","husavik|vopnafjordur"
"c_norfolk","norfolk|fakenham|lynn|norwich|thetford|yarmouth"
"c_north_riding","bedale|north_york_moors|richmond|scarborough|whitby|york"
"c_northamptonshire","daventry|kettering|northampton"
"c_northumberland","alnwick|billingham|hexham|morpeth|newcastle"
"c_norwegian_more","sunnmore"
"c_noto","noto|caltagirone|malta|modica|syracuse|terranovasic|kashima|fugeshi"
"c_nottinghamshire","newark|nottingham|retford"
"c_novara","novara|arona|biella|domodossola|lake_maggiore|varallo|vercelli"
"c_novgorod","novgorod|lyuban|soltsy"
"c_novgorod_seversky","hlukhiv|novhorod_siverskyi|verba|voronizh_chernihiv|znobov"
"c_novogrudok","novogrudok|lyakhavichy|lyubcha|nyasvizh|turets|slonim"
"c_novosil","novosil|bogorodskoye|kolpny|mikhailovka|mtsensk|plavsk|tagin|vorotynsk_novosil"
"c_nugaal","burao|erigavo|garoowe|haylan|maduna|qardho|somalian_mountains"
"c_nuon","beyla|bopolu|macenta|sanniquellie"
"c_nupe","bida|jebba|lokoja|minna|mokwa|nupeko|tada|kulfo"
"c_nurnberg","ansbach|neustadt|nuremberg|rothenburg|schwabach|uffenheim"
"c_nurtay","espe|kusak|tokrau|zhamankul"
"c_nushiro","yuri"
"c_nyagrong","chodrak_kham|dawu|dzogon|khordong|nyarong"
"c_nyainrong","chodrak_kham|dawu|dzogon|khordong|nyarong"
"c_nyalam","nyalam"
"c_nyaungshwe","mongkung"
"c_nyemo","nyemo"
"c_nyene","garalo|koutiala|massigui|niantjila|niena|tengrela"
"c_nyima","gangdise6|gering_lake|lunggar2|ngangzi_lake|serzhik|shantsa|tangra_yumco|xuru_lake|zangdan"
"c_nyingchi","buchu|daklha_gampo|gyamda|nyainqentanglha2|nyainqentanglha3|zhokha"
"c_nyitra","nitra"
"c_nyland","ekenas|helsinge|liljendal|porvoo|sjundea"
"c_nysa","nysa"
"c_nzi","bouake"
"c_ob","ob"
"c_odessa","khadjibey"
"c_odishi","kutaisi|tsageri"
"c_odoyev","odoyev|belyov|rzhavets|vorotynsk"
"c_oglamych","beleuli|kyushe|sam|sarygamysh_lake|shuruk|sisem_ata|uchkuduk|ust_yurt_lakes|ust_yurt_plateau1|ust_yurt_plateau2"
"c_ohrid","ohrid|bitola|devol|kastoria"
"c_oigon","airag_nuur|hunguy|khyargas_nuur|lake_airag|lake_bayan|lake_khyargas|lake_oigon|lake_telmen|lake_ulaagchiin_khar|lake_uvsiin_khar_us|telmen|ulaagchiin"
"c_okangara","altay_forest_wasteland_3|biryusa|dzerzhinskoye|ilansky|kansk|krasnoyarsk|yemelyanovo"
"c_oki","oki"
"c_oland","oland"
"c_olavinlinna","mikkeli"
"c_oldenburg","oldenburg|leer"
"c_oleshye","aslan_horod|enice|ordu_bazar|qalancaq|rohat_kermen|velyka_lepetykha"
"c_olkhon","bii|choigan|eastern_sayan_mountains1|systyg"
"c_olmedo","adrada|arevalo|avila|las_navas|oropesa|villatoro|western_central_system"
"c_olomouc","olomouc"
"c_omi","azai"
"c_omsk","omsk|cherlak|ebeyty|gorkovskoye|kamyshnoye|kolosovka|okoneshnikovo|tyukalinsk"
"c_onega","luda|malye_oserki|nyonoksa|priluky|village_onega"
"c_onega_BJA","luda|malye_oserki|nyonoksa|priluky|village_onega"
"c_ongi","baidrag|biger|boontsagaan|khalzan_shireg|khangain_mountains|khangal|khasagt_khairkhan|lake_boontsagaan|lake_orog|naran|orog|tuin"
"c_onsthia","arkhangelskoye_vologda|kubenskoye|lake_kubenskoye|shuyskoye|ustye|vologda"
"c_opanda","bauchi|ibi|kwararafa|lafia|nkambe|pankshin|wukari"
"c_opava","opava"
"c_opole","opole|kluczbork|lubliniec|olesno|prudnik|strzelce_opolskie"
"c_orangallu","warangal|adlur|balkonda|bhongir|kaulas|korutla|mangapet|medak|molangur|palampet|parkal|ramagiri|tupran|vemulawada"
"c_orania","oran|arshgul|arzew|ksar_ibn_senane|nedroma|sebkhat_of_oran|tamazaghrane"
"c_orava","liptovsky_mikulas|oravsky_podzamok|povazska_bystrica|trencin|turciansky_svaty_martin|western_carpathians1|western_carpathians2|zilina"
"c_orbetello","grosseto|massamar|piombino|pitigliano"
"c_orenburg","baytak|ilek|kargaly_aktobe|kobda"
"c_orhei","orhei|chisinau|gura_galbenei|targu_lapusnei|tighina|tuzara"
"c_oriel","oriel|armagh|carrickmacross|drogheda|dundalk|monaghan|clogher|dungannon"
"c_orkney","orkney"
"c_orlamunde","apolda|arnstadt|eisenberg|erfurt|langensalza|saalfeld|sondershausen|weimar"
"c_orleans","orleans|beaugency|vierzon"
"c_ormond","waterford|carrickbeg|dungarvan|clonmel"
"c_orsha","orsha|drutsk|horki|kopys|rudnya|tyatseryn"
"c_orvieto","perugia|cittacastello|lake_trasimeno|marsciano"
"c_osel","kuressaare"
"c_oshrusana","jizzakh|pishagar|tuzkan_lake|ura_tyube|zomin"
"c_oskol","oskol"
"c_osnabruck","osnabruck|vechta|cloppenburg"
"c_ossory","kilkenny|athy"
"c_ostergotland","alvastra|linkoping|norrkoping|soderkoping|vadstena|vattern"
"c_osterland","altenburg|delitzsch|grimma|leipzig|rochlitz|wurzen"
"c_osterode","brodnica"
"c_ostfriesland","emden|jever"
"c_osumi","soo|kimotsuki|kuwabara"
"c_otrar","otrar|artyk_ata|kyr_uzkand|kyzylkum_desert|mardankuyik|sutkent|vpadina_ayakalytma_lake|zemukh|zhaushikumtobe"
"c_oudalan","aribinda|deou|gorouol|kissi_loc|mondoro|tessit|dori"
"c_oulu","karleby|kaustby|koppo|korsholm|lappo|pedersore|storkyro|vora"
"c_outer_hebrides","harris|lewis|skye|uist"
"c_oversticht","zwolle|kampen|coevorden"
"c_owari","aichi|nakajima|niwa|atsuta"
"c_owu","ado_ekiti|akure|ewu|ikere|ondo|owo"
"c_oxfordshire","oxford"
"c_oyo","igboho|ikoyi|irawo|kisi|ogbomosho|oyo_ile|saki|tede"
"c_pacatiana","altintas|emirdag|karahisar_i_sahib|sandikli|sandikli_mountains|seyitgazi|suhut"
"c_paderborn","paderborn|lippstadt"
"c_padua","este|monselice|padova"
"c_padum","padum|zangla"
"c_pagan","pagan|magway|salay|talok|taungdwingyi"
"c_pagania","brac|dubrovnik|lastovo_island_wasteland|makarska|metkovic|slano|split"
"c_palakka","udayagiri|nilagiri"
"c_palanga","palanga"
"c_palermo","palermo|trapani|mazara|corleone|lampedusa|pantelleria|salemi"
"c_pallas","vielha"
"c_palmyra","tadmur|arak|huwwarin|qaryatayn"
"c_palniki","koma_kai|okuchichibu_mountains|tsuru|yamanashi|yatsushiro"
"c_pamphylia","anamur|ermenek|mut|silifke|west_taurus_2"
"c_panaji","dabhol|sangamesvara"
"c_panduranga","panduranga|bal_cattinon|camp_po_thit|chan_bo|kampong_sraka_trey"
"c_panjgur","bannajbur|mahgas|murt|nagh|paroom|saravan|suran|chagai"
"c_pannagallu","devarakonda"
"c_paphlagonia","arac|devrekani|ilgaz_mountains|inebolu|kastamonu|kure_i_mamure|taskopru"
"c_papua_selatan","asmat|kamoro|kaweinag|kayagar|nduga_jungle|sempan|yamur|yaqay"
"c_parivi","ballalapura|bangalore|devanahalli|hoskote|kolar|manyapura|nandagiri|anantapur|chittoor|cuddapah|dharmavaram|gandikota|gurramkonda|kadiri|kangundi|medanapalle|pakala|palasamudram|pavagada|penukonda|pottapi|rayachoti|seshachalam_hills|tirupati|vempalle|aimangala|chitradurga|hanagal|magadi|sira|tumkur|uchangidurga"
"c_parma","parma|berceto|sandonnino|piacenza|bardi|bobbio|fiorenzuola"
"c_paro","paro|thimpu|daga|daga_papua|duau|kanasi_jungle|maiwa_papua|moratau|nidula|suau"
"c_parsberg","parsberg|sulzbach|neumarkt"
"c_passau","passau|scharding"
"c_pate","pate|pate_island|kismayo"
"c_pavia","pavia|lomello|voghera|lodi"
"c_pavlodar","boynak|endirey|tarki|temirkhan_shura|terek"
"c_peaccam","alvsby|bodebyn|branna|bygdea|byske|gratesk|hienatiemi|kiemi|kittila|lulea|pajala|pitea|ranea|rovaniemi|skelleftea|tornea|umea|vindeln"
"c_pecheneg","aksay_pointic|kalmyk|karatobe|oral|shalkar_lake|shyngyrlau|terekti|zhympity"
"c_pedersore","pedersore"
"c_pegu","pegu|dagon|hmawbi|kawliya|phyu|thanlyin|tharrawaddy"
"c_pelym","pelym|sosva"
"c_pelyul","katok|manigango"
"c_pemako","himalaya19|metog|rigyal|tirkong"
"c_pemba","pemba|ras_mkumbuu"
"c_pembrokeshire","pembroke|fishguard"
"c_pendjari","kouande"
"c_pengzhou","pengzhou|guanzhou|jinyuan"
"c_pengzhou_2","pengzhou"
"c_penthievre","saint_brieuc|treguier|saint_malo"
"c_penugonda","nandagiri"
"c_penza","penza|chembar|gorodishche|lunino|malaya_serdoba|mokshan|nikolskoye|russky_kameshkir|serdobinskaya|shemysheyka|saransk"
"c_perekop","or_qapi"
"c_peremyshl","sanok|krosno|lesko"
"c_peresopnytsia","rivne|kostopil|ostroh|peresopnytsya"
"c_pereyaslavl","pereyaslavl|alexandrovskaya_sloboda|bogorodskoye_pereyaslavl|kirzhach|lake_pleshcheyevo|poreevo|yanovo|boryspil|zolotonosha"
"c_perigord","bergerac|limeuil|perigueux|riberac|sarlat|nontron"
"c_perm","perm|aspa|kungur|orda|suksun"
"c_petropavl","kyzylzhar"
"c_petropavolsk","irtysh"
"c_petrovsk","petrovsk"
"c_phetchabun","chaiyaphum|kaset_sombun|khon_san|mancha_khiri|nong_bua_lamphu|phetchabun_mountains|phu_wiang"
"c_philippopolis","tsepina|stanimaka"
"c_philomelium","aksehir|beysehir|bolvadin|erenler_mountains|ilgin|lake_aksehir|lake_beysehir|lake_eber|lake_egirdir|lake_sugla|sarkikaraagac|seydisehir|sultan_mountains_1|sultan_mountains_2|sultan_mountains_3|yalvac"
"c_phiti","anuradhapura|vavuniya"
"c_phrygia","beypazari|bozan|kaymaz|kibrus|kizilca|koroglu_mountains_1|koroglu_mountains_2|mihaliccik|sivrihisar"
"c_pielinen","pielinen"
"c_pila","walcz"
"c_pingyang","pingyang|fushan|hongtong|jishi_anze|linfen|taihangshan5|yueyang_anze|huoyi|jishi"
"c_pinsk","pinsk|drahichyn|liubeshiv|motal|nobel|luninets"
"c_pinzhou","lulong|anxi|macheng|shicheng"
"c_pirin","bansko|dospat|krupnik|melnik|nevrokop|rhodope_mountains1|rhodope_mountains2|rhodope_mountains3|rhodope_mountains4"
"c_pisa","pisa|livorno|pontedera|volterra|piombino"
"c_pisidia","burdur|dinar|egirdir|isparta|lake_acigol|lake_burdur|stefani|uluborlu"
"c_pite","arvidsjaur|asele|lycksele|ortrask|stensele|tarna|volgsjo"
"c_pitten","pitten"
"c_plasencia","plasencia|galisteo|granadilla|jaraicejo|valverde|coria"
"c_pleiku","annamese_range7|apui|ia|kon_klor|kon_tum|samriddhipuri"
"c_plocka","plock|plonsk|sierpc|szrensk|ciechanow|przasnysz|rozan|zakroczym"
"c_plyos","shuya|ivanovo|lezhnevo|vichuga"
"c_plzen","plzen|domazlice|prachen|pisek"
"c_po","po"
"c_podor","podor|dagana"
"c_podrinje","dinaric_alps5|dinaric_alps6|pljevlja|soko_grad|ustikolina|prijepolje|brskovo|visegrad"
"c_pogibi","datta|deren|kema|koppi|lake_kizi|samarginka|tumzhdin"
"c_poitiers","poitiers|chatellerault|loudun"
"c_polesine","rovigo"
"c_polotsk","polotsk|bocheikovo|lyepyel|ulla|ushachy|zabore"
"c_polovragi","cozia|craiova|dragasani|ramnicu_valcea|southern_carpathians3|stramba|targu_bengai|targu_jiu"
"c_pomoravlje","vranje|glubocica|novo_brdo"
"c_pomorje","kotor"
"c_pompeiopolis","arac|devrekani|ilgaz_mountains|inebolu|kastamonu|kure_i_mamure|taskopru"
"c_porto","porto|braga|chaves|guimaraes"
"c_poszony","bratislava|hlohovec|holic|nitra|prievidza|samorin|trnava"
"c_povenets","karhumagi|kizhi|lake_gimoly|lake_leksozero|lake_seletsy|lake_tulos|lake_zegoserskoje|lindjarvi|nadvoitsy|pieninka|puatane|repola|sellinkyla|semcojarvi"
"c_pozega","pozega|kutina"
"c_poznanska","poznan|buk|czarnkow|miedzyrzecz|oborniki|skwierzyna|szamotuly|wielen"
"c_praha","prague|beroun|melnik|slany"
"c_pravia","aviles|castropol|oviedo|tineo|west_cantabrian_mountains"
"c_prayaga","kara"
"c_prea_vihear","khukhan|prasat_thong_lang|rattanaburi|sangkha|vat_phou"
"c_prenzlau","prenzlau|templin"
"c_prerov","prerov|hodonin"
"c_prigoro_tabynsk","beloretsk|ishimbay|kapova_pesera|meleuz|siberian_wasteland_2|siberian_wasteland_3|tabynsky"
"c_provence","toulon|draguignan|castellane|marseille"
"c_prusa","adranos|bursa|dursunbey|harmancik|iznik|lake_iznik"
"c_przemkow","boleslawiec|jawor|legnica|wolow|zlotoryja"
"c_pset","bihac"
"c_pskov","pskov|izborsk|ostrov|gdov"
"c_pudozh","vershinino"
"c_puigcerda","puigcerda"
"c_pula","pazin"
"c_punakha","punakha"
"c_pundravardhana","birampur|bogra|goraghat|rangpur_bengal|shahjadpur"
"c_pungju","jangyeon|cheongsong"
"c_purang","purang|gyanema|himalaya8|khyunglung|lake_manasarovar|lake_rakshastal|tokchen"
"c_puri","puri|ganjam"
"c_purig","charasa|himalaya1|himalaya2|himalaya3|kargil|karpokhar|lamayuru|leh|shey"
"c_pursat","pursat|sa_kaeo|battambang|banon|longvek|prasat_don_an|tonle_sap_lake"
"c_purushapura","shergarh"
"c_putao","putao|chibwe|gaoligongshan2|injangyang|kumon_range|suamprabon|waingmaw"
"c_puttlingen","bitche|saarwerden|sarrebourg|sarreguemines"
"c_putyvl","putyvl"
"c_puzhou","chaocheng|fanxian|juancheng|shenxian|anyue"
"c_puzhou_2","puyang|juancheng"
"c_pyeongju","pyeongju|dongju"
"c_qadisiya","al_qara"
"c_qain","birjand|dasht_lut3|deyhuk|khusf|khvor|mazhan|nayband|qala_zari"
"c_qalaafe","aware|buhoodle|degehabur|el_dhere|geledi|gode|hargaya|kelafo|limey|oodweyne"
"c_qamdo","biru|nyainqentanglha5|pembar|riwoche|samda|shopando|sok|tengchen|yangdzong"
"c_qaraustyurt","beleuli|kyushe|sam|sarygamysh_lake|shuruk|sisem_ata|uchkuduk|ust_yurt_lakes|ust_yurt_plateau1|ust_yurt_plateau2"
"c_qaryatan","aba_al_qur|al_hamad|an_nafud2|arar|dumat_al_jandal|sakaka|syrian_desert2|syrian_desert3|syrian_desert4|syrian_desert5|syrian_desert6|syrian_desert7|syrian_desert_corridor1|syrian_desert_corridor10|syrian_desert_corridor11|syrian_desert_corridor12|syrian_desert_corridor13|syrian_desert_corridor2|syrian_desert_corridor3|syrian_desert_corridor4|syrian_desert_corridor5|syrian_desert_corridor6|syrian_desert_corridor7|syrian_desert_corridor8|syrian_desert_corridor9"
"c_qashtiliya","tozeur|madas"
"c_qasim","rama"
"c_qasr_ibrim","qasr_ibrim"
"c_qataa","anseba|atbara|kassala|khawr_baraka|khawr_nubt"
"c_qatif","al_qatif|al_jubayl"
"c_qayaliq","ayagoz|dungene|kayalyk|lepsy|sagabuyen|tansyk|tekeli"
"c_qazwin","qazvin|abhar|avaj|qeydar|sagzabad|savojbolagh|takestan|zagros_mountains6"
"c_qianzhou","qianzhou|liquan|qinlingshan7|zhouzhi|gan|anyuan"
"c_qianzhou_1","qianzhou|pengshui|qianjiang"
"c_qilin","ganzhou|hongshui|liyuan|qidaban|qilian|qilianshan1|shandan"
"c_qimr","tama"
"c_qinggil","achit_nuur|altay_mountains|haerhhana|huysiyn|khovd|khurgan|lake_achit|lake_dayan|lake_durgun|lake_khar|lake_khar_us|lake_khoton|lake_khurgan|lake_markakol|lake_tolbo|mongol_altay|tahiltyn_khotgot|tsagaan_usun"
"c_qingshan","bayannur|lake_ulansu|uraqai|xinhure"
"c_qingyang","qingyang|anhua|baimachen|heshui|huachi|huanzhou_qingyang|ningzhou|zhenning_qingyang|qixian_tongchuan|shehong|yanting|zhongjiang"
"c_qingyuan","qingyuan|anhua_huanjiang|hechi|libo|sien|xincheng_xincheng|yishan"
"c_qingzhou","boxing|lean|linqu|shouguang|yidu_qingzhou|zichuan|yidu"
"c_qinnasrin","artah"
"c_qinzhou_1","chengji|qingshui"
"c_qinzhou_2","qinjiang|lingshan|baojing"
"c_qiongbu","qiongbu"
"c_qiongzhou","qiongzhou|chengmai|dingan|lehui|lingao|qiongshan|shuihui|wenchang|pujiang"
"c_qizhou","qizhou|boye|puyin|shulu|licheng|zhangqiu|changqing"
"c_qizhou_1","qizhou|qichun|huangmei|guangji|qishui"
"c_qom","qom|aveh|kahak|kashan|lake_hovz_soltan|lake_namak|maranjab|neyasar|saveh|zagros_mountains8"
"c_qoshagyl","koskuduk|manysai|shagan|ushkan|zhaksy_karasay"
"c_quanzhou","anxi|dehua|huian|jinjiang|nanan_quanzhou|tongan|yongchun|huichuan"
"c_quanzhou_2","xiangyuan|xiyan|guanyang"
"c_quercy","cahors|figeac|gourdon|montauban"
"c_qumarleb","qumarleb"
"c_qumisha","qumisha|fereydunshahr|karkevand|ramsheh|sohrfiruzan|yangabad|yazdikhwast"
"c_quoc_oai","son_la"
"c_quqen","durgyeling|geshitsa|rahor|yungdrung|zhanggu"
"c_quriltay","talas|dzhulsub|sarvaslyk|tekabket|yangi|zherkorgan"
"c_qurta","daw_sud|faras|kalabsha|qasr_ibrim|sai|west_nubian_desert"
"c_qus","qus"
"c_qusayr","qusayr|safaga"
"c_quye","aerzhai|ordos|otog|tongwancheng"
"c_quzhou","quzhou|changshan|jiangshan|kaihua|longyou|xian_quzhou|liujiang|linshui|qujiang"
"c_quzhou_1","quzhou"
"c_qyzylteniz","kon_tengiz|kulanotpes|sonaly|tengiz|tengiz_lake"
"c_qyzylustyurt","beket_ata|beki|karagiye_lake|kenderli_kayasan|koshkar_ata|masat_ata|temir_baba"
"c_qyzylyaitsk","kiyl|koptam|mavliberda|uil"
"c_racakonda","nalgonda"
"c_radha","kashipur"
"c_radomska","radom|ilza|stezyca|szydlowiec|zwolen|opoczno"
"c_ragusa","brac|dubrovnik|lastovo_island_wasteland|makarska|metkovic|slano|split"
"c_rahba","rahba"
"c_raimskoe","buzikkala|jubara|karmakshi|qamystybas_lake|yangikent"
"c_rajanpur","dajal"
"c_rajrappa","chai|gobindpur|hazaribagh|katrasgarh|shergarh|urda"
"c_rakcha","gorbatovo|klepiki|melenki|murom|shatur|starodub_votsky"
"c_rama","rama"
"c_ramagiri","ramagiri|kherla"
"c_ramhurmuz","behbahan|dehdasht|dishmok|dogonbadan|hendijan|suq"
"c_ramu","ramu"
"c_rangzhou","heqing|jianchuan|qingshuilangshan2"
"c_ranikot","ranikot"
"c_raniriki","uddevalla"
"c_rano","rano|kura"
"c_ranthambore","ranthambore|sheopur"
"c_raozhou","anren_raozhou|dexing|fuliang|leping|poyang|shimen_poyang|wannian|yugan"
"c_raqqa","raqqa|araban|busayrah|jabar|madinat_far|makisin"
"c_ras_hafun","ras_hafun"
"c_raseiniai","raseiniai|jurbarkas|kedainiai|panemune|tendziogala"
"c_rashka","zica|ica|gradac"
"c_rasht","rasht|shuman"
"c_ratanakiri","banlung|doh_kromum|lumphat|preah_ko|stung_treng"
"c_ratanpur","pali"
"c_ratibor","bielsko|bytom|kozle|pszczyna|raciborz|siewierz|tesin|toszek"
"c_ravenna","ravenna|imola|rimini"
"c_ravensburg","ravensburg|bregenz"
"c_rayapura","ambagarh|bemetara|deori|dhamtari|durg|khairagarh|nandgram|raipur|rajim|sitanadi_hills|sripura|tilda"
"c_rayy","damavand|eyvanekey|karaj|khwar|rahimabad|razeqan|rey|varamin"
"c_rebgong","muxihe|qinlingshan1|quge|sailahai|zeku"
"c_regensburg","regensburg"
"c_reggio_calabria","catanzaro|cotrone|gerace|monteleone|nicastro|palmi|reggiocal"
"c_reims","reims|epernay|chateau_thierry"
"c_renandu","anantapur"
"c_reni","reni"
"c_rennes","rennes"
"c_rethel","rethel|grandpre"
"c_reval","narva|padise|paide|rakvere|rapla|tallinn|toolse|vasknarva"
"c_rhodopes","beden|haskovo|ormenio|perperek|rhodope_mountains5|rhodope_mountains6|smolyan|stanimaka|ustra|nevrokop|dospat"
"c_rhodos","kos|karpathos"
"c_riau","bengkalis|buantan|dumai|sakai_riau|senapelan|siak"
"c_ribe","ribe|varde"
"c_rima","rima"
"c_ringkobing","ringkobing"
"c_riqan","bahadamer|gudamalani|khed|kiradu|kurki|mandore|osian|pali|phalvardhika"
"c_rivsharan","ghormach|jawand|kusk|kusk_kohneh|marv_al_rudh|qala_kohistan|qala_naw|qasr_ahnaf"
"c_rogalandi","amli|flekkefjord|lindesnes|oddernes|otredal|oyestad|sirudal|sondeled"
"c_rohana","indian_monsooncurrent1|indian_monsooncurrent10|indian_monsooncurrent11|indian_monsooncurrent12|indian_monsooncurrent13|indian_monsooncurrent14|indian_monsooncurrent15|indian_monsooncurrent17|indian_monsooncurrent18|indian_monsooncurrent19|indian_monsooncurrent2|indian_monsooncurrent20|indian_monsooncurrent21|indian_monsooncurrent3|indian_monsooncurrent4|indian_monsooncurrent5|indian_monsooncurrent7|indian_monsooncurrent8|indian_monsooncurrent9|zanj_sea"
"c_roing","dibang|gomsi|malinithan|sadiya|siang|siyom|subansiri|tengapani"
"c_roma","rome"
"c_romen","romen|sumy|glushkovo|krasnopillia|vilshana"
"c_rongshui","rongshui|rongzhou|wuyang"
"c_rongzhou","rongzhou|changan|huaiyuan_rongzhou|luocheng|rongshui|tongdao_rongzhou"
"c_rongzhou_2","rongzhou|puning|beiliu|luchuan"
"c_roslavl","roslavl|izyaslavl|pustosel|rognedino|zaroy"
"c_ross","dingwall|fannichs|gairloch|ullapool"
"c_rossano","rossano|cotrone|catanzaro"
"c_rossello","perpignan|prades"
"c_rostock","rostock|gustrow"
"c_rothas","rohtas|palamau|chatra|tarhasi|untari"
"c_rothenburg","rothenburg|freising"
"c_rouen","rouen"
"c_rouergue","entraigues|millau|peyrusse|rodez|st_affrique|villefranche"
"c_rounala","alstahaug|birndal|bodo|gildeskal|hamaroy|hattfjelldal|langenes|lofotr|ofoti|rana|skanderna|steigen"
"c_rouyuan","rouyuan"
"c_rudbar","rudbar"
"c_rugen","rugen|stralsund"
"c_rukhaj","arghestan|chaman|deychopan|kandahar|maruf|qalat_ghilji"
"c_runzhou","dantu|danyang|jintan"
"c_ruppin","ruppin"
"c_rusa","porkhov"
"c_rusafa","rusafa|al_qatr"
"c_rutog","drangtse|gangdise1|gartok|hanle|himalaya14|ormogang|pangong_lake|rala|rutok|spanggur_lake|tashigang|tsherlung"
"c_ruyan","al_mamtir|amol|chalus|elburz_mountains5|elburz_mountains6|kojur|tonekabon"
"c_ruzhou","baofeng|jiaxian|liangxian_ruzhou|lushan|yaoshan|xiangcheng|ye"
"c_ryazan","ryazan|kazari|koponovo|putyatino|shilovo|staraya_ryazan|lopasnya|lyubichi|perevitska|rostislavl_ryazansky|serebryanye_prudy|venyov|klepiki"
"c_ryty","bratsk|chuva|nizhneudinsk|siberia_kuytun|siberian_wasteland_17|staraya_zima"
"c_saalum","kahone|pakala"
"c_saarbrucken","saarbrucken|zweibrucken"
"c_sabakyul","bolshoy_uvat|tavdinsky_sloboda|tobolsk|vagay|vikulovo|yurginskoye"
"c_sable","sable|mayenne|laval"
"c_sabzevar","sabzevar|beyarjomand|farumad|haresabad|kharturan|meyami|adraskan|azab|firuzkuh_afghanistan|khaysar|paropamisus_mountains2|shindand"
"c_sacz","pilzno|busko_zdroj|debica|tarnow|wislica|nowy_targ|wieliczka"
"c_safata","al_udayb|ayn_tamr|hillah|karbala|kufa|qadisiyyah"
"c_sagaing","sagaing|amyint|butalin|dhipaesyin|moksobo"
"c_sagami","aikou|ashigara|kamakura"
"c_sagar","sagar"
"c_sagiz","kaynar|shagiz|tas_kichu|tenteksor"
"c_sagya","chorten_nyima|como_chamling|dingri|gonga_chode|himalaya11|himalaya12|lake_paiku|nyalam|pelmo"
"c_sai","sai"
"c_saimara","aleshtar|khorramabad|kuhdast|pol_dokhtar|sarab_dowreh"
"c_saintonge","jonzac|la_rochelle|montendre|oleron|rochefort|royan|saintes|st_jean_dangely"
"c_sakala","jammu"
"c_sakarai","damoh|deogarh|lalitpur|murwara|singorgarh|sugaur|ujargarh"
"c_sakmara","atach|ishkul|kumak|namjan|or_aktobe|suyunduk|tanalyk|yaik"
"c_salamanca","salamanca|alba_de_tormes|bejar|bejar_mountains|matilla_de_canos|piedrahita|ciudad_rodrigo"
"c_salamat","salamat"
"c_salavat","sterlitamak"
"c_salerno","salerno|potenza"
"c_salinis","suojarvi"
"c_salo_tai","annamese_range2|annamese_range3|annamese_range4|keutkeut|khamkeut|mahaxay|ngoc_ma|nong_bok|thakhek"
"c_salzburg","salzburg|braunau|traunstein|hallein|laufen"
"c_sam_nuea","da_giang|mang_viet|muong|son_la"
"c_samaiqan","samalqan"
"c_samander","boynak|endirey|tarki|temirkhan_shura|terek"
"c_samar","basey|borongan|catarman|makarato|tinago|karlivka|berestyn|kolomak|oril|samarchyk|ternivka"
"c_samar_VB","buzuluk"
"c_samarkand","samarkand|ayni|dimishk|hissar_mountains1|hissar_mountains2|hissar_mountains3|panjakent"
"c_samarra","samarra|al_anbar|ar_rabb|hit|lake_habbaniyah|tharthar|tikrit|ukbara|balad"
"c_samatata","chakaria|chakma|chittagong|kaptai|karpus_mahal|ramu|sitakunda"
"c_sambalpur","sambalpur"
"c_sambhal","sambhal"
"c_sambhupura","beng_mealea|indrapura_khmer|phnom_santuk|prasat_andet|preah_khan_kompong_svay"
"c_samiran","kamysh_burun|kara_bazaar|kurskaya|naurskaya|terekli_mekteb"
"c_samman","ad_dibdibah|ar_rukai|ash_shuaybah|hafar_al_batin|kazimah|mashdhubah|qurain"
"c_samosata","birecik|cermik|harran|siverek|suruc|urfa"
"c_sanaa","huth|shibam"
"c_sanasomboon","aborlan|babuyan|balabak|busuanga|taytay"
"c_sancerre","sancerre"
"c_sanda","bissagos_islands|cape_skiring|cape_verga|geba_estuary|north_eastern_atlantic76|north_eastern_atlantic77|north_eastern_atlantic78|rio_nunez_mouth|sangareya_bay|yawri_bay"
"c_sandomierska","sandomierz|kunow|opatow|rudnik_poland|kielce|opoczno|przedborz|zarnow"
"c_sandoway","ramree"
"c_sangju","sangju"
"c_sangqu","sangqu"
"c_sanij","hamun_mashkel|jaleq|kharan_desert1|khash|ladiz|mashkel"
"c_sankt_gallen","konstanz"
"c_sankt_polten","amstetten|lilienfeld|melk|scheibbs|st_polten|tulln|waidhofen"
"c_santiago","santiago|finisterre|lalin|mellid|noya|pontevedra|santiago_compostela|tuy|betanzos"
"c_sanuki","aya|miki|mitoyo"
"c_saoura","bechar|beni_sabih_tabelbala_corridor|el_djouf5|el_eglab_masif1|el_eglab_masif2|figuig|grand_erg_occidental|igli|ksar_es_souk_bechar_corridor|sahel_corridor08|tabelbala|tabelbala_charouine_corridor|tabelbala_taghaza_corridor1|tabelbala_taghaza_corridor2|taghit"
"c_saptagrama","pandua|baragram|bardhaman|dubrajpur|ilambazar|satgaon"
"c_saqsin","ryn|inder_lake|kisikkamys|kulagin|sarayjuk|saryadyn|talowski|ushtagan"
"c_sarakhs","sarakhs"
"c_saran","arzamas|bolshoye_boldino|krasnoslobodsk|lukoyanov|pavlovo|ruzayevka|sarov|shatki|temnikov"
"c_sarangpur","sarangpur|gagraun"
"c_sarasvata_mandala","ashaval|danduka|dholka|khambat|modasa"
"c_sarasvati","bhatnir"
"c_saratov","malykovka|novye_burasy|petrovsk|sosnovy_ostrov|tereshka|ukek|uza|hnahnu|huaxcama|otomi|pame|tanchaycha|tangamanga"
"c_sardan","andika|dehdez|izeh|lordegan|naghan|zagros_mountains12"
"c_saris","bardejov|gonc|kosice|levoca|lubica|presov|turna"
"c_sarkel","aksay"
"c_sartlan","sartlan|astrodym|chany|kainsky_pas|kargat|kyshtovka|lake_sartlan|lake_uryum|taskayevo|ubinskoye"
"c_sarykamysh","big_balkhan|orta_kuyu|talaikhan_ata|uzboy"
"c_sarysyn","kamyshin|yelan|danilovka|goly_karamysh|kotovo|machekha|novonikolayevsky|rudnya_pontic|samoylovka"
"c_sasaram","sasaram|jaund|arrah|ballia|buxar|rohtas"
"c_sasyk_kul","arkat|kaynar_atbai|sarybulak|takhir|zhanaarka"
"c_satakunta","birkala|bjorneborg|hvittis|ikalis|nasisalki|orivesi|raumo|sastamala|sastmola"
"c_satala","bayburt|erzincan|erzurum|ilic|kelkit|kemah|kose_mountains_2|mescit_mountains|otlukbeli_mountains|sebinkarahisar|siran|tercan"
"c_satfura","beja_TUN|el_kef|el_ksour|jama_TUN|medjez_el_bab|souk_el_arba|thagaste"
"c_satif","ikjan"
"c_satsuma","satsuma|ibusuki|izumi_satsuma|kagoshima|koshikishima|izumi"
"c_satyapura","deodar|idar|palanpur|patan|radhanpur"
"c_saumur","saumur"
"c_savalu","atakpame|dassa_zoume|sabe|savalou"
"c_savoie","moutiers|chambery|belley"
"c_say","say|botou|libore|makalondi|mansila"
"c_sayanchu","den_terek|khemchik|tannu_ola_mountains1|ulug|usun|western_sayan_mountains"
"c_sayn","wied"
"c_scalovia","ragnit|tilsit"
"c_schaumberg","ried"
"c_schmalkalden","schmalkalden|eisenach|beichlingen"
"c_schweibus","bytom"
"c_sebasteia","ak_mountains|darende|dasmenda|deliktash|gemerek|gurun|hafik|kose_mountains_1|middle_taurus_4|middle_taurus_6|middle_taurus_7|sarkisla|sivas|zara"
"c_sebezh","nevel"
"c_sebur","askino|baltas|burayevo|perm_forest_3|ufa"
"c_selenga","alyanbulag|baibalyk|kharkhul|mori_baridag|tarvagatai"
"c_seleucia","corycus"
"c_selge","alaiye|karahisar_i_teke|manavgat|selinti|west_taurus_3|west_taurus_5"
"c_selpils","selpils"
"c_semey","oskemen"
"c_semien","debarq|kosoge|waldeba"
"c_sennar","sennar|singa|renk"
"c_seno","bai|djenne|kanibonzon|san|sanekuy"
"c_sens","sens|bar_sur_seine"
"c_seogyeong","seogyeong|jeungsan|junghwa|samhwa|seongcheon|yangam"
"c_seongju","seongju|gaeryeong|seonsan|taegu|uiseong|yangam"
"c_serae","debarwa|mendefera|senafe|yeha"
"c_serdosk","kirsanov"
"c_serres","serres|drama|kavala"
"c_sertar","dzamtang|nubzur|serta|shukjung"
"c_settsu","izumi|kawabe|muko|osaka"
"c_sevede","sevede"
"c_severin","severin"
"c_sevilla","sevilla|carmona|constantina|coria_del_rio|ecija|moron|olvera|osuna|sanlucar_la_mayor"
"c_sevsk","sevsk|ust_livny"
"c_sewa","bairab|bangda_lake|cemar|changtang|cozha|dagze|dagze_lake|dogai|doke_jangtso_lake|doke_lake|dorsotung|dorsotung_lake|gerze_tibet|hoh_xil_mountains2|kotra_lake|lumajangdong_lake|mitijangazanmo_lake|ngangba_lake|orba_lake|tanggula3|tong_lake|ustun_tag|yurba"
"c_sfax","el_jem"
"c_shabe","igboho|ikoyi|irawo|kisi|ogbomosho|oyo_ile|saki|tede"
"c_shahrazur","akre|mawet|piranshahr|qaladiza|rawanduz|sardasht"
"c_shahre-babak","shahr_e_babak"
"c_shaki","shaki|agsu|aresh|goychay|qabala|vartashen|zardab"
"c_shamir","shemkhiya"
"c_shanchan","anning"
"c_shangxi","shangxi"
"c_shangzhou","shangzhou|lantian|luonan|qianyou|qinlingshan5|sanyao|shangluo|shangnan|shanyang|zhenan|shangjin"
"c_shanzhou","funiushan2|lingbao|mianchi|shanxian|wenxiang|yongning_shanzhou|yutai"
"c_shanzhou_2","lingbao"
"c_shaoqing","xizhou|daning|puxian|shilou|xichuan_xizhou|yonghe|huizhou|puning"
"c_shaowu","shaowu|guangze|jianning|taining|chongan|jianan|jianyang|ouning|pucheng_jianning|songxi|wuyishan2|zhenghe"
"c_shaozhou","lechang|mengli|nanling4|qujiang|renhua|ruyuan|shaoyang|xinhua|anhua|wugang|chengbu|nanling1|xiakou|xinning_wugang|suining|anyue|lezhi|pengxi|xiaoxi"
"c_shaozhou_1","qujiang|lechang|wengyuan|shixing"
"c_shaqiq","an_nibaj"
"c_sharaf","al_hinakiyah|al_mundassah|an_nakhil|ar_rabadha|madin_bani_sulaym|murayghan"
"c_sharga","achit_nuur|altay_mountains|haerhhana|huysiyn|khovd|khurgan|lake_achit|lake_dayan|lake_durgun|lake_khar|lake_khar_us|lake_khoton|lake_khurgan|lake_markakol|lake_tolbo|mongol_altay|tahiltyn_khotgot|tsagaan_usun"
"c_sharka","sharka"
"c_sharkiya","qalyub|faqus"
"c_shavgar","shavgar|sawran"
"c_shayzar","masyaf"
"c_shazhou","shazhou|anding_suzhou|dangcheng|guazhou|hala_nur|kuyu_shazhou|mazongshan|niuquanzi|yangguan"
"c_shchuchinsk","seletyteniz"
"c_shelji","aspara|khantau|kulan|merki|sretenskoe|tasuktul|tolekskoe"
"c_shengzhou","yulin|hebin"
"c_shenkursk","bereznik|rovdino|sogra|ust_vayenga|vaga|krasny_bor"
"c_shenzhou","anping|hengshui|jingan_shenzhou|wuyi|yiyang|luoshan"
"c_shenzhou_1","gaocheng"
"c_sherbro","bloobarra_point|cape_mesurado|cape_mount_coast|cape_palmas|cess_point|cestos_point|north_eastern_atlantic79|north_eastern_atlantic80|north_eastern_atlantic81|north_eastern_atlantic82|north_eastern_atlantic83|sherbro_coast"
"c_shetland","shetland"
"c_shezhou","jixi|xiuning|qimen"
"c_shicheng","shicheng|shizong"
"c_shigar","shigar"
"c_shimosa","katsushika|katori|chiba"
"c_shimotsuke","ashikaga_loc|haga|kawachi|nasu|shioya|tsuga"
"c_shinano","akaishi_mountains|asama_mountains|azumi|chiisagata|kamiina|kiso|kiso_mountains|mikuni_mountains|minochi|saku|sarashina|shimoina|suwa|takai|tsukama|yatsugatake_mountains"
"c_shiraz","shiraz|abadeh_tashk|kherameh|lake_batkhtegan|lake_maharlu|lake_tashk|neyriz|sarvestan|zarqan"
"c_shirvan","shirvan|derbent|niyazabad|quba|shabran|baku|javad|mahmudabad|maraza|qobustan|shamakhi|salyan"
"c_shishina","nazimovo|selo_yartsevo|siberian_wasteland_15|ust_ozernoye|yeniseysk"
"c_shityy","bii|choigan|eastern_sayan_mountains1|systyg"
"c_shizhou","shizhou|datian_shizhou|lichuan|rongmei|sanmao|shinan|wufeng|wulingshan|zhonglu|lishi|fangshan|dinghu"
"c_shizhou_1","shizhou|qingjiang|jianshi|xisha"
"c_shor","altay_forest_wasteland_2|askiz|kuznetsk|kytmanovo|salair|ust_kabyrza"
"c_shorkot","shorkot|kamalia"
"c_shouchang","yangguan"
"c_shouzhou","shouchun|shuihu|xiacai|luan|huguan|licheng_luan|lucheng_luan|qingyang_luan|shangdang|tunliu|xiangyuan|zhangzi|huoshan"
"c_showa","debre_libanos"
"c_showak","bazin|northern_ethiopian_mountains|tembesha|tesenei"
"c_shropshire","ludlow|oswestry|shrewsbury"
"c_shuangzhou","shuangshui|jinkang|zhennan"
"c_shughnan","murghab"
"c_shukunzhou","duyangshan|lucheng|luodian|sicheng|tongle|wangmu|xilin"
"c_shunzhou","guanyang|liupu|nanling2|qingxiang|xiyan"
"c_shuozhou","shanyang|shenwu|ningyuan"
"c_shuzhou","huaining|taihu|susong|wangjiang"
"c_siauliai","siauliai|kraziai|mazeikiai|papile|zagare|upyte|birzai|linkava|panevezys|pasvalys"
"c_sibi","bab_kot|dera_bugti|dhadar|gandava|jhal|kirtar_range|lahri|mithri|siwi|sui_pakistan"
"c_sibi_mali","koulikoro|kirina"
"c_sibir","bab_kot|dera_bugti|dhadar|gandava|jhal|kirtar_range|lahri|mithri|siwi|sui_pakistan"
"c_sidamo","bonga|bossa|gamo|konso|omo|soddo|south_west_ethiopian_mountains"
"c_sie","fengzhou|guochuan|liangquan|liuba|qinlingshan4"
"c_siena","siena|chiusi|montalcino"
"c_sieradzka","sieradz|brzeznica|piotrkow_trybunalski|radomsko|szadek|turek|tuszyn|uniejow|przedborz"
"c_sif-i-umara","ahel|asir|bastak|kish|siraf"
"c_siggevara","gellivaara|jokkmokk|kvikkjock|porjus|sarek|socksjock|storavan|uddjaur"
"c_sighnaq","sighnaq|asanas|barchkend|jand|kamyskala"
"c_sijilmasa","sijilmasa|boumalne_dades|eastern_anti_atlas|eastern_high_atlas1|er_rich|ksar_es_souk|tazzarine|todgha"
"c_sikasso","afikpo|arochukwu|awka_etiti|bana|ikom|korup_jungle|kumba"
"c_silla","silla"
"c_silves","silves|ourique|lagos"
"c_simaramapura","bettiah|makwanpur|mehsi|ramnagar_bihar|sheohar|simraungadh"
"c_simenas","erimo_cape|north_western_pacific6|shinodai_cape|shirepa_cape|shiriya_cape|tokachi_coast|uchiura_bay"
"c_simhapura","simhapura"
"c_sinai","faran|connector_egypt14|connector_egypt15|el_jundi|el_tor|nuweiba|saint_katrine|sinai_desert"
"c_sinjar","sinjar"
"c_sinope","bafra|boyabat|gerze|samsun|sinop"
"c_sir_faesyfed","brecknock|brecon_beacons|builth|cambrian_mountains|radnor"
"c_siracusa","caltagirone"
"c_siraya","siraya"
"c_sirhan","abu_qasr|al_harrah|an_nasifah|basithah|bir_fajr|bir_fajr_basithah_corridor|kaf|qurayyat_al_milh|syrian_desert1"
"c_sirjan","sirjan|arzu|hajjiabad|khabr|qatruyeh|saadatabad|soghan"
"c_sittaung","sittaung"
"c_sitti","arabi|awbare|dakkar|dire_dawa|harar|jeldesa"
"c_siun","menzelinsk"
"c_siwa","siwa"
"c_siwistan","dubbi|ghotki|islamgarh|kandiaro|kot_lalu|manchar_lake|mansura|moro_sindh|rajabar|rohri|sehwan"
"c_siyuan","guanyang|liupu|nanling2|qingxiang|xiyan|lechang|mengli|nanling4|qujiang|renhua|ruyuan"
"c_sizhou","hongxian|linhuai|tianchang|wuhe|xuyi|wuchuan|fuchuan"
"c_sizhou_2","linhuai|xucheng"
"c_sjaelland","roskilde|slagelse"
"c_sjeltie","anundsjo|grundsunda|harnosand|ramsele|sjalevad|solatunum"
"c_skane","lund|helsingborg"
"c_skara","skara"
"c_skardu","skardu"
"c_skolt","enare|enare_trask|ivalo|kemijarvi|korvala|lapland_taiga1|muojarvi|north_skanderna|oulujarvi|salla|savukoski|sodankyla|utsjoki|yli_kitka"
"c_skopje","skopje|tetovo|veles|kicevo|prilep|bitola|florina|lake_ohrid|lake_prespa|ohrid|pindus_mountains1|pindus_mountains2|pindus_mountains3|pindus_mountains4|pindus_mountains8"
"c_slesvig","slesvig|amrum_island_wasteland|eckernforde|flensburg|husum|aabenraa"
"c_slupsk","slupsk|koszalin|bytow"
"c_slutsk","slutsk|hlusk|starobin|staryya_darohi|zhytkavichy"
"c_smolensk","smolensk|belik|berezhnyany|dukhovshchina|krasny|yelnya|vyazma|izdeshkovo|khlepen|kholm_zhirkovsky|sychyovka"
"c_sobrarbe","ainsa"
"c_sochur","bolshoy_uluy|itatsky|kazachinskoye|makovskoe|tyukhtet"
"c_socotra","abdalkuri_island|dhufar|hadibu|khalfut|mirbat|qishn|qulensya|raysut"
"c_sodermannaland","hjalmaren_lake|kolmarden|malaren|nykoping|oppunda|sodertalje|strangnas"
"c_sog","biru"
"c_sogn","aurland|eid|jotunheim|laerdal|norway_wasteland_c|sogndal|stryn|sunnfjord|vik|hof"
"c_sokode","sokode"
"c_sokoto","sokoto|dutsi|anka|zuru"
"c_soldin","chojna|gorzow|santok|soltyn|torzym"
"c_soli","soli"
"c_solimana","bandafassi|gueme_sangan|konkoure|labe|timbo|tuba"
"c_sombio","enare|enare_trask|ivalo|kemijarvi|korvala|lapland_taiga1|muojarvi|north_skanderna|oulujarvi|salla|savukoski|sodankyla|utsjoki|yli_kitka"
"c_somerset","bath|minehead|portishead|taunton|wells"
"c_somnath","somnath"
"c_somogy","csurgo|kaposvar|lake_balaton|segesd|somogyvar"
"c_sonda","sonda"
"c_songuu_aallar","abakasnk|beya|idrinskoye|minusinsk|shushenskoye"
"c_songzhou","songzhou|funiushan1|luanchuan|lushi|songzhou_songzhou|yique|yiyang_songzhou|zhuyang|yucheng|xiayi|xiangyi"
"c_sopron","sopron|gyor|kapuvar|lake_neusiedl|magyarovar"
"c_soria","soria|agreda|almazan|arnedo|berlanga|burgo_de_osma|calahorra|calatanazor|medinaceli|urbion_peaks"
"c_soroca","soroca|balti|karakoram3|khaplu|shigar|skardu"
"c_sorok","barnaul|berdsk|chesnokovka|kalmanka|suzun"
"c_sortavala","haukivesi|heinola|idensalmi|joroinen|kangasniemi|kuopio|kyyvesi|mikkeli|olofsborg|pihlajavesi|puula|rautavaara|ristiina|savonranta"
"c_soso","banamba|kolokani"
"c_sosva","sosva|sukhorukova|belogorye|karymkary|landytuv|nazym|un_zhallor"
"c_souf","douz"
"c_sous","anti_atlas1|assa|beni_sabih|foum_zguid|igiliz|taghjijt|tamdoult|tata_MOR|tiout|tissint|tizounine"
"c_south_kordofan","barah|dilling|el_obeid|kadugli|kosa|nuba_sud|teqali|wadi_el_melik|waylula|zankor"
"c_soya","hidaka_mountains|hiroo|ishikari_mountains|kasai|katou|minamikamikawa|minaminakagawa|tokachi|toubui"
"c_speyer","speyer|heidelberg|weissenburg|pirmasens"
"c_spis","bardejov|gonc|kosice|levoca|lubica|presov|turna"
"c_spoleto","spoleto|assisi|narni|rieti|todi"
"c_spreewald","guben"
"c_sprottau","zagan|krosno_odrzanskie|sulechow|zary|aga"
"c_sran","kaimana"
"c_sravasti","gorakhpur|bansi|basti|binayakpur|kushinagar|lumbini"
"c_sredets","sredets|balkan_mountains4|dupnitsa|pirot|samokov|svoge|tsaribrod|velbuzd|zemlungrad|stipon"
"c_srihatta","khaliajuri|khaspur|patharkandi|rajnagar|shaharpara|sylhet"
"c_sriksetra","myede|taungdwingyi"
"c_sripatha","bayana"
"c_sripuri","ambagarh|bemetara|deori|dhamtari|durg|khairagarh|nandgram|raipur|rajim|sitanadi_hills|sripura|tilda"
"c_srirangapatna","manyapura|nandagiri"
"c_stade","stade"
"c_staffordshire","stafford|stoke|tamworth"
"c_starodub","palekh|rozhdestveno|starodub_on_the_klyazma|mglin"
"c_stendal","stendal|gardelegen"
"c_stettin","stettin|goleniow|kamien|nowogard|ueckermunde|pyrzyce"
"c_stezycka","stezyca|lukow"
"c_sthanisvara","saharanpur|sirhind|samana|sadhaura"
"c_stoenesti","bacau|hangu_romania|piatra_lui_craciun|roman|targu_neamt|targu_trotus"
"c_stoyanka","den_terek|khemchik|tannu_ola_mountains1|ulug|usun|western_sayan_mountains"
"c_strassburg","haguenau"
"c_strathearn","strathearn|stirling|clackmannan"
"c_strumica","strumica|shtip|prosek"
"c_stung_treng","stung_treng|banlung|doh_kromum|lumphat|preah_ko"
"c_suakin","suakin|aydhab|badi|deraheib|east_nubian_desert|horn_desert_corridor1|horn_desert_corridor2|horn_desert_corridor3|south_eastern_desert"
"c_subay","al_abala|al_amlah|ash_shaqiqah|qalat_bishah|raghdan|ranyah"
"c_suceava","suceava|campulung_moldovenesc|putna|siret|storozhynets|vatra_dornei"
"c_sudurland","arnar_fjord|denmark_strait4|faxa_bay|north_eastern_atlantic15|north_eastern_atlantic16|north_eastern_atlantic18|north_eastern_atlantic20|norwegian_sea|norwegian_sea8|stokks_point|vestmanna_islands"
"c_suenik","kapan|goris"
"c_suffolk","bury|ipswich|lavenham|lowestoft"
"c_suining","suining|anyue|lezhi|pengxi|xiaoxi"
"c_suizhou","gaocheng_suizhou|meiqiu|suixian|tangcheng|yingshan|longquan|suide|dingrong|mizhi|qingjian"
"c_suizhou_1","sui|tangcheng|zaoyang|guanghua"
"c_sukhna","deir_ez_zor|ithriya|sukhnah|tabqah|taybah"
"c_sukhothai","sukhothai|mueng_bang_yom|nakhon_thai|song_khwae|sra_luang|sri_satchanalai"
"c_sullum","connector_egypt11|damanhur|kharibta|nitrian_desert|ramsis|rashid|tarrana|wadi_el_natrun"
"c_sum","erimo_cape|north_western_pacific6|shinodai_cape|shirepa_cape|shiriya_cape|tokachi_coast|uchiura_bay"
"c_sumadija","belgrad|rudnik|smederevo|krusevac|prokuplje"
"c_sumdo","amtogor|amtogor_lake|karakoram2|karakoram4|kunlun1|longmu_lake|murgo|raskam|sanju|zarafshan"
"c_sundgau","mulhouse|ferrette"
"c_sungqu","dazhasi|fuzhou_songpan|gurkyang|heishui|hongyuan|maerkang|muge|qiongxi|rinpung|songzhou_songpan"
"c_suo","yoshiki|tsuno|kumage|kuga"
"c_suondavara","gellivaara|jokkmokk|kvikkjock|porjus|sarek|socksjock|storavan|uddjaur"
"c_suriya","deir_ez_zor|ithriya|sukhnah|tabqah|taybah"
"c_surparaka","chaul"
"c_surrah","al_mardamah|al_maslum|al_quway|ar_rayn|halaban|rawdat_al_ard"
"c_surrey","guildford|reigate|woking|kingston"
"c_suruga","abe|fuji|ihara|mount_fuji|shida|suntou"
"c_sussex","chichester|hastings|lewes|shoreham|arun"
"c_sutherland","ben_klibreck|dornoch|durness|thurso|tongue"
"c_sutkend","artyk_ata|kyr_uzkand|kyzylkum_desert|mardankuyik|otrar|sutkent|vpadina_ayakalytma_lake|zemukh|zhaushikumtobe"
"c_suvarnagram","atiya|belabo|kapasia|muktagacha|mymensingh|tarakanda"
"c_suvarnapura","balangir|belkhandi|bissam_cuttack|eastern_ghats_kalahandi|eastern_ghats_south_odisha|gunupur|jajjaldeypur|kalahandinagara|kasipur|khariar|kotagad|kotpad|malkangiri|nandapur|nilakamberu|nowrangapur|patna_garjat|raighar|rayagada|saintala"
"c_suyab","balasagun|dzhul|harandzuvan|kysmyci|nuzket|sargau|soltobe"
"c_suzdal","suzdal|gavrilovskoye|ilyinskoye_khovanskoye|yuryev_polsky|ivanovo"
"c_suzhou","suzhou|changshu|chongming|jiading|kunshan|wujiang|wuxian|yangcheng_lake|linhuan"
"c_suzhou_2","suzhou|changshu"
"c_svaneti","kasriskari"
"c_swetaka_mandala","rayagada"
"c_syrrusafa","deir_ez_zor|ithriya|sukhnah|tabqah|taybah"
"c_syrte","al_jawf|awjila|calansho_desert|coastal_libyan_desert2|coastal_libyan_desert3|connector_libya10|connector_libya11|connector_libya12|connector_libya13|connector_libya15|connector_libya3|connector_libya6|maradah|tazirbu|zella"
"c_sysma","sysma"
"c_szabolcs","szabolcs|hajduszoboszlo|nagyboszormeny|nagykallo|varda"
"c_szatmar","szatmar|baia_mare|carei|nagyecsed|syvlyush|crasna|hodod|zalau"
"c_szekelyfold","chezdi_osorheiu|covasna|cristuru_secuiesc|eastern_carpathians5|eastern_carpathians5b|eastern_carpathians6|eastern_carpathians6c|eastern_carpathians7|eastern_carpathians8|gheorgheni|gurghiu|miercurea_cluc|odorhei|sfantu_gheorghe|targu_mures"
"c_szekesfehervar","kalocsa"
"c_szerem","ilok"
"c_tabary","alapayevsk|baykalovo|irbit|sankina|tabory|turinsk|verkhnyaya_sinyachikha"
"c_tabassa","madila"
"c_tabla_butii","braila|bukov|buzau|eastern_carpathians9|parscov|ramnicu_sarat|valenii_de_munte|viziru"
"c_tabon","tabon"
"c_tabriz","tabriz|heris|maragheh|qaradagh_mountains3|qaradagh_mountains4|sarab|tufarqan|ujan|marand|ahar"
"c_tabuk","al_khanbarah|al_muazzam|al_ukhaydir|bajdah|bir_ibn_hermas|dhat_al_hajj|tabuk_arabia"
"c_tadjoura","tadjoura|assab"
"c_tadla","tadla|azilal|bzou|demnate|eastern_high_atlas2|high_atlas1|kalaat_sraghna|khenifra|south_middle_atlas1"
"c_tadmekka","tadmekka"
"c_taeju","sukju"
"c_tagadur","srirangam"
"c_tagali","al_jeblien|ed_debba|el_metemma|korti|omdurman|shemkhiya"
"c_tagant","aoudaghost|erg_aoukar|sahel_corridor02|sahel_corridor04|sahel_corridor05|sahel_corridor06|south_el_djouf|south_erg_amatlich|tichit|tidjikja"
"c_taghaza","taghaza|araouane|east_el_djouf|sahel_corridor09|sahel_corridor10|sahel_corridor11|sahel_corridor24|tanezrouft|taoudenni"
"c_tagul","bolshoy_kosogol|kortuz|nazarovo|novosyolovo|tatarskaya_tesyu|uzhur"
"c_tahert","tahert"
"c_tahoua","tahoua|abalak|birni_ader|deoule|garadoume|kalfou|south_talak"
"c_taif","taif|al_hadhah|al_kharabah|al_mahani|as_suwayriqiyah|bani_saad|sufaynah|umm_al_ghiran"
"c_taiyuan","jiaocheng|luchuan|pingjin|qixian_taiyuan|taihangshan2|wenshui|xugou|yangqu|shouyang|leping"
"c_taizhou","taizhou|huangyan|linhai|ninghai|tiantai|wenling|xianju|xianzhu|lean|chengshan|fushan_muping|muping|rushan|weihai|wendeng"
"c_taizhou_1","taizhou|hailing|rugao|jinghai"
"c_taizz","taizz|al_mandab|al_mukha|haraz_mountains3|hays|mawza|lawdar"
"c_tajima","futakata|keta_tajima|yabu|keta"
"c_takkeda","marandet|aderbissinat|ollelewa"
"c_takon","wuntho|htigyaing|katha|myedu"
"c_takrit","al_anbar|ar_rabb|hit|lake_habbaniyah|samarra|tharthar|tikrit|ukbara"
"c_takrur","agnam_civol|golere|podor|salde|silla|sioure|walalde|awlil"
"c_talakad","seringapatam"
"c_talava","valmiera|rauna"
"c_talish","astara|bandar_e_anzali|dulab|elburz_mountains1|elburz_mountains2|elburz_mountains3|lankaran"
"c_tall_basma","bara_iraq|barqaid|cizre|eruh|midyat|nusaybin|sirnak"
"c_tall_hamid","ayas"
"c_tamasna","anfa|azemmour|bejaad|mrirah|rabat|settat|tegeget|thagia|mazaghan"
"c_tambov","tambov|bondari|kirsanov|mordovo|morsha|rasskazovo|sasovo|staroyuryevo|uvarovo|zherdevka"
"c_tamentit","araouane|east_el_djouf|sahel_corridor09|sahel_corridor10|sahel_corridor11|sahel_corridor24|taghaza|tanezrouft|taoudenni"
"c_tamiso","bissagos|boke|iles_de_los|rio_grande|rio_nunez|rio_pongo"
"c_tamna","tamna|seongwi"
"c_tamralipti","east_sundarban|husaynabad|jaynagar|khulna|kulpi|west_sundarban"
"c_tana","tana|kalmius|kamenskaya|krasny_sulin|rovenky|shakhty|taganrog"
"c_tanas","al_khadra_ALG|chlef|ksar_el_kaoua|mazouna|miliana|western_tablate_mountain|yellel"
"c_tanba","funai|hikami|ikaruga|kuwada"
"c_tanga","tanga|vumba_kuu"
"c_tangiers","tangier"
"c_tango","kasa|onyuu|yosa"
"c_tangzhou","biyang|fangcheng|tongbai"
"c_tanyang","xuzhou|tongdao"
"c_tanzhou","changsha|anhua_anhua|dongping|ningxiang|qiaokou|xiangyin|yiyang_changsha|xiangtan|liuyang|xiangxiang|loudi|lukou|yongfeng_xiangxiang|hengshan"
"c_tanzhou_2","miyun|huairou|xingtang"
"c_tao","artanuji|ispir|kars_mountains_1|khikhani|oltu|panaskerti|parkhali|savsat|tortum|yalnizcam_mountains"
"c_tapsa","den_terek|khemchik|tannu_ola_mountains1|ulug|usun|western_sayan_mountains"
"c_tara","tara|muromtsevo|shish|ust_ishim|znamenskoye"
"c_taradavadi","athani|aundh|jath|karad|kolhapur|miraj|pratapgarh|satara|western_ghats_karad|western_ghats_purandar|western_ghats_satara"
"c_tarayka","datta|deren|kema|koppi|lake_kizi|samarginka|tumzhdin"
"c_taraz","chatyr_kol_lake|cholok_kaiyn|chon_naryn|jumgal|ketmen_tobe|koshoy_korgon|naryn|song_kul_lake|tian_shan11|tian_shan12|tian_shan13|tian_shan8|tian_shan9"
"c_targu_jiu","targu_jiu"
"c_targyl","almaty|balkhash_lake|boyauli|karakastek|karamergen|kargaly|kurty|saryesik_atyrau_desert|shengeldy|sorbulaq_lake|talkhir|taukum_desert|tian_shan10"
"c_tarnowska","tarnow"
"c_tarragona","tarragona|tortosa"
"c_tarsos","candir_cil|corycus|molevon|tarsus"
"c_tartas_SIB","tartas"
"c_tarvagatai","tarvagatai"
"c_taskyl","kolchugino|mariinsk|siberian_wasteland_14|verkh_chebula|verkhotomsk"
"c_tavan_bogd","achit_nuur|altay_mountains|haerhhana|huysiyn|khovd|khurgan|lake_achit|lake_dayan|lake_durgun|lake_khar|lake_khar_us|lake_khoton|lake_khurgan|lake_markakol|lake_tolbo|mongol_altay|tahiltyn_khotgot|tsagaan_usun"
"c_tavasts","forssa|hollola|itis|jaasjarvi|jamsa|janakkala|jyvaskyla|laukas|lohja|paijanne|saarijarvi|sysma|tavastehus|viitasaari"
"c_taveta","east_ongamo|machame|taita|tiva|west_ongamo"
"c_tawang","tawang"
"c_tayma","tayma"
"c_taza","taza"
"c_tbilisi","tbilisi|dmanisi|rustavi"
"c_tecklenburg","tecklenburg|meppen|bentheim"
"c_tekar","arkat|kaynar_atbai|sarybulak|takhir|zhanaarka"
"c_teke","teke"
"c_telemark","grenland"
"c_telmen","telmen"
"c_temes","caransebes|lugoj|mihalt|recas|timisoara"
"c_temne","banana_islands|bunce_island|port_loko|scarcies|shenge|yonibana"
"c_tengerge","atanuul|atas_bogd|bodonch|bulgan|burqin|chinggil|jeminay|kara_irtysh|lake_jili|lake_ulungur|ulungur"
"c_tengger","alxa|bagh|bayankhot|bayannurhong|tengger_desert|ulan_buh_desert|urad"
"c_tengiz","tengiz|kon_tengiz|kulanotpes|sonaly|tengiz_lake"
"c_tengzhou","shagou|tengdong|tengxian|weishan_lake|yizhou_tengzhou|zouxian|tanjin|rongcheng|cenxi"
"c_teniz","dandybay|karabay|kurgaldzhin_lake|smai_samkai|tagatay|yegindybulak"
"c_ter","kantalahti|kashkarantsy|lake_imandra|lake_kanozero|lake_kolozero|lake_kolvitskoye|lake_sergozero|olenitsa|pyalitsa|raivke|tetrino|umba|varzuga"
"c_teramo","teramo|atri"
"c_terebovl","horodok"
"c_terek_pass","terek|kamysh_burun|kara_bazaar|kurskaya|naurskaya|terekli_mekteb"
"c_terekli","aitbulat|aqkol_lake|aral_karakum_desert|arys_lake|belen_ana|bolgan_ana|hunger_steppe|karakoyin_lake|shalkarteniz_lake|talmas_ata"
"c_terektai","altayskoye|biysk|mayma|onguday|smolenskoye|teletskoye|ust_koksa"
"c_teruel","teruel|albarracin|alfambra|mora_de_rubielos"
"c_tesiin_gol","bayan"
"c_tessalit","araouane|east_el_djouf|sahel_corridor09|sahel_corridor10|sahel_corridor11|sahel_corridor24|taghaza|tanezrouft|taoudenni"
"c_teviotdale","berwick|duns|roxburgh|selkirk"
"c_tewo","tewo"
"c_tezu","htamanthi|mangin_range1|mangin_range2|phakant|tamu|thaungdut|tizu|zalon_taung"
"c_thalabiya","zubala|al_ijarah|al_labbah|al_thulayma|al_waqbi|linah|lowqah"
"c_thaldat","amtogor|amtogor_lake|karakoram2|karakoram4|kunlun1|longmu_lake|murgo|raskam|sanju|zarafshan"
"c_thalner","thalner"
"c_thanbyuzayat","ye"
"c_thang_long","thang_long|tam_dai|thai_binh|thien_quan"
"c_thaton","thaton|donwun|kyaukkyi|papun|sittaung|mawlamyine"
"c_theodosiopolis","aladag_mountains|hasankale|hinis|karagol_mountains|karakilise|karasu_aras_mountains|malazgirt|tekman|tutak|varto"
"c_thessalia","larissa|servia"
"c_thessaliotis","trikala|grevena"
"c_thessalonika","thessaloniki"
"c_thiers","thiers"
"c_thomond","limerick|adare|castleconnell|dingle|killmallock|tralee|nenagh|roscrea"
"c_thouars","thouars|parthenay|fontenay"
"c_thyatira","akhisar|demirci|foca|gordes|kula|lake_marmara|manisa"
"c_tiande","aerzhai|ordos|otog|tongwancheng"
"c_tianzhou","tianzhou|baise|laian_tianzhou|sienzhou|tangxing|hengshan"
"c_tib","abdanan|al_tib|arkvaz|bakusaya|dehloran|meymeh|wasit"
"c_tiberias","baniyas"
"c_tibesti","ain_galaka|ounianga|qatrun|rabyanah|sahel_corridor03|sahel_corridor13|sahel_corridor15|sahel_corridor16|sahel_corridor17|sahel_corridor18|sahel_corridor19|sherda|tekro|zouar"
"c_tichitt","aoudaghost|erg_aoukar|sahel_corridor02|sahel_corridor04|sahel_corridor05|sahel_corridor06|south_el_djouf|south_erg_amatlich|tichit|tidjikja"
"c_tigheci","cahul"
"c_tigre","abiy_addi|adwa|axum|shire"
"c_tihama","hali|adham|al_qunfudhah|al_shuqayq|al_sirrayn|bariq|dhi_ain|muhayil|rijal_almaa"
"c_tihamat-al-yamani","al_hirda|hajjah|harad_asir|haraz_mountains1|khamir|shaharah"
"c_tikhvin","tikhvin|borovichi|pikalyovo"
"c_timbi","kula"
"c_tindouf","tindouf"
"c_tingzhou","changting|liancheng|mingxi|ninghua_tingzhou|qingliu|shanghang|wuping|yongding_shanghang|ninghua"
"c_tinmallal","naffis"
"c_tirakka","kabara|timbuktu|goundam|gourma_rharous|sahel_corridor25|tindirma"
"c_tiris","al_kuwayra|aousserd|bojador|dakhla|el_djouf1|el_djouf3|sahel_corridor07|sahel_corridor34"
"c_tiruvannamalai","tiruvannamalai|jinji"
"c_tivoli","tivoli|velletri|terracina"
"c_tlemcen","tlemcen|madinat_alawiyyin|mascara|saida|tessala"
"c_tmutarakan","akhtar|bryukhovetskaya|bzhedygu_kal|kalininskaya|pavlovskaya|romanovsky_khutor|tbilisskaya|ust_labinsk"
"c_tobol","bolshoy_uvat|tavdinsky_sloboda|tobolsk|vagay|vikulovo|yurginskoye"
"c_tobruk","tobruk"
"c_todo","notse|atakpame|dassa_zoume|sabe|savalou"
"c_togotai","aksumbe|gulshara|kyzylkorgan|moiynkum_desert|ran|sozak|tasty"
"c_tokisara","higashiokitama|kitamogami|minamimogami|nishiokitama"
"c_toksun","toksun"
"c_tokumbay","espe|kusak|tokrau|zhamankul"
"c_toledo","toledo|guadalupe|illescas|los_yebenes|navalucillos|puebla_de_montalban|puente_arzobispo|talavera_de_la_reina|maqueda"
"c_tolna","tolna|simontornya"
"c_toma","macenta"
"c_tomorbulag","sangiin_dalai"
"c_tomsk","tomsk|ket|melnikovo|molchanovo|pervomayskoye"
"c_tongcheng","badain_jarain_desert1|badain_jarain_desert2|banzart_khairkhan|juyan_sea|khara_khoto|naraan_chilaun|noyon_uul|zag_suujiyn_gobi"
"c_tongchuan","qixian_tongchuan|shehong|yanting|zhongjiang|tongshan"
"c_tonghai","tonghai|xie|shiping|jianshui"
"c_tongzhou","tongzhou|haimen|jinghai_tongzhou|juegang|heyang|fucheng"
"c_tongzhou_1","tongzhou|dongxiang"
"c_tonnerrois","tonnerre"
"c_torangy_kul","achit_nuur|altay_mountains|haerhhana|huysiyn|khovd|khurgan|lake_achit|lake_dayan|lake_durgun|lake_khar|lake_khar_us|lake_khoton|lake_khurgan|lake_markakol|lake_tolbo|mongol_altay|tahiltyn_khotgot|tsagaan_usun"
"c_torda","baia_de_aries|cluj|huedin|inner_carpathians|reghin|turda"
"c_torema","barnaul|berdsk|chesnokovka|kalmanka|suzun"
"c_torne","alvsby|bodebyn|branna|bygdea|byske|gratesk|hienatiemi|kiemi|kittila|lulea|pajala|pitea|ranea|rovaniemi|skelleftea|tornea|umea|vindeln"
"c_toro","toro"
"c_toropets","toropets|andreapol|bibirevo|dubrovna|ilyino|lake_dvinye|lake_zhizhitskoye|nizhelskoe|zhizhets"
"c_tortoli","tortoli"
"c_tortona","tortona|voghera"
"c_torun","torun"
"c_tosa","tosa|agawa|aki_shikoku|hata|ishizuchi_mountains|kami_shikoku|nagaoka|takaoka|kami|aki|geiyo_islands_wastelands|saeki|takata|toyota|yamagata"
"c_totma","totma|gorodishna|kunozh|ledengskoye|nyuksenitsa|tarnogsky_gorodok|ust_kuloy|vekshenga"
"c_totomi","toyoda|fuchi"
"c_touat","bechar|beni_sabih_tabelbala_corridor|el_djouf5|el_eglab_masif1|el_eglab_masif2|figuig|grand_erg_occidental|igli|ksar_es_souk_bechar_corridor|sahel_corridor08|tabelbala|tabelbala_charouine_corridor|tabelbala_taghaza_corridor1|tabelbala_taghaza_corridor2|taghit"
"c_toulouse","toulouse|pamiers"
"c_toungoo","lewe|nwamethin|pyinmana|taungoo|thandaunggyi"
"c_tourraine","tours|loches"
"c_tovkhon","baidrag|biger|boontsagaan|khalzan_shireg|khangain_mountains|khangal|khasagt_khairkhan|lake_boontsagaan|lake_orog|naran|orog|tuin"
"c_trakai","trakai|lazdijai|merkine|onushkis|kaunas|alytus|punia|vilkaviskis"
"c_trandam","damzhung"
"c_trandheim","nidaros"
"c_travunia","trebinje|onogost"
"c_trebizond","trebizond|east_pontus_mountains_1|east_pontus_mountains_2|east_pontus_mountains_3|gorele|gumushane|khupati|rize|surmene"
"c_trenscen","liptovsky_mikulas|oravsky_podzamok|povazska_bystrica|trencin|turciansky_svaty_martin|western_carpathians1|western_carpathians2|zilina"
"c_trent","trento|bolzano|riva"
"c_treviso","treviso|vicenza|bassano|schio"
"c_tribandapura","sunam"
"c_trier","trier"
"c_trigarta","jalandhar|rahon|pathankot|kahlur"
"c_trikuta","chandor|dang|dharampur|forest_of_dang|jawhar|mayuragiri|nasik|salagiri|sinnar|western_ghats_bombay"
"c_trincomalee","trincomalee"
"c_tripoli","tripoli"
"c_tripolitana","tripoli"
"c_tripuri","mandla|banjar|banua_lawas|martapura|muara_bahan|nagara_borneo|pelaihari|tanjungpuri"
"c_trongsa","trongsa|zhemgang"
"c_troyes","troyes|joinville|bar_sur_aube"
"c_tsambagarau","achit_nuur|altay_mountains|haerhhana|huysiyn|khovd|khurgan|lake_achit|lake_dayan|lake_durgun|lake_khar|lake_khar_us|lake_khoton|lake_khurgan|lake_markakol|lake_tolbo|mongol_altay|tahiltyn_khotgot|tsagaan_usun"
"c_tsaparang","tsaparang"
"c_tseel","baidrag|biger|boontsagaan|khalzan_shireg|khangain_mountains|khangal|khasagt_khairkhan|lake_boontsagaan|lake_orog|naran|orog|tuin"
"c_tselym_dalyn","andreyevskoye|ess|konda|leushinskiy_tuman|malaya_sosva|siberian_wasteland_5|siberian_wasteland_7|syrkovoye|tuman|tursunskiy_tuman|yevra"
"c_tsugaru","hanawa|hiraka_aomori|inaka|kamikita|kazuno|lake_ogawara|lake_towada|nukanobu|shimokita"
"c_tsushima","kamiagata|shimoagata"
"c_tudela","tudela|tarazona|olite"
"c_tudgha","boumalne_dades|eastern_anti_atlas|eastern_high_atlas1|er_rich|ksar_es_souk|sijilmasa|tazzarine|todgha"
"c_tula","tula|mante|pantlan|ypoa|yelets|gogol|talitsa_yelets|terbuny|ust_livny|zemlyansk|pronsk|dubok|karniki|knyazhoye|mikhaylov|ryazhsk|skopin"
"c_tuluchezeva","bondari|kirsanov|mordovo|morsha|rasskazovo|sasovo|staroyuryevo|tambov|uvarovo|zherdevka"
"c_tulun","altay_forest_wasteland_3|biryusa|dzerzhinskoye|ilansky|kansk|krasnoyarsk|yemelyanovo"
"c_tumak","binder|bongor|doba|goundi|lame"
"c_tumar","ardatov|azeevo|kadom|kasimov|tuma"
"c_tummana","tummana|amarkantak"
"c_tun","tun"
"c_tunis","tunis|el_fahs|hammamet|kelibia|nabeul|zaghouan"
"c_tunka","balyktyg|buren_khem|busiyn|eastern_sayan_mountains2|kaa|lake_dood_tsagaan|tannu_ola_mountains2"
"c_turan","awaran|jhao|khuzdar|mashkai|nal|surab"
"c_turgay","turgay|aybas|ayrkol_lake|kabyrga|karaturgay|zhaldama"
"c_turin","turin|chieri"
"c_turnovo","cherven"
"c_turov","turov|davyd_haradok|dubrovytsia|hlynne|stolin"
"c_turuberan","varto"
"c_tus","tus"
"c_tustar","andimeshk|dezful|masjed_soleyman|shush|shushtar|somaleh"
"c_tuulain","buha|caka|caka_lake|chabcha|dulan|dungkar_amdo|guolimu|kunlun5|qardam|qilianshan4|qinghai_lake|sanjiaocheng"
"c_tver","tver|brody_tver|dubna|klin|vertyazin|kashin|kalyazin|kesova_gora|kimra"
"c_tyendugu","bouake|daloa|daoukro|ngokro|seguela"
"c_tyumen","turinsk|alapayevsk|baykalovo|irbit|sankina|tabory|verkhnyaya_sinyachikha"
"c_ubins","kargat"
"c_ubmejeiednuo","uddjaur"
"c_ubon_ratchathani","kham_muang|khon_kaen|muang_khemarat|mueng_fa_daet|roi_et|yasothon"
"c_ubulla","abadan|abdas|al_madar|al_qatr|basra|suq_al_shuyukh|zuwayr"
"c_uch","uch|derawar"
"c_uch_katyn","arkat|kaynar_atbai|sarybulak|takhir|zhanaarka"
"c_uchangidurga","uchangidurga|basavapattana"
"c_uchkul","ayagoz|dungene|kayalyk|lepsy|sagabuyen|tansyk|tekeli"
"c_ucinaa","higashihenna_cape|hirakubo_cape|japan_high_sea10|japan_high_sea11|yaeyama_islands|yonaguni_strait"
"c_udabhanda","udabhanda"
"c_ufa","ufa|askino|baltas|burayevo|perm_forest_3"
"c_uiju","uiju|gwiju|jeongju_jeongju|sakju|seonju|yeongju"
"c_uiska","ust_katav"
"c_ujjayini","agar|maksi"
"c_ukek","ukek"
"c_ulaanbaatar","karakorum|khar_balgas|orkhon|tsetserleg"
"c_ulaangom","airag_nuur|hunguy|khyargas_nuur|lake_airag|lake_bayan|lake_khyargas|lake_oigon|lake_telmen|lake_ulaagchiin_khar|lake_uvsiin_khar_us|telmen|ulaagchiin"
"c_ulam","buha|caka|caka_lake|chabcha|dulan|dungkar_amdo|guolimu|kunlun5|qardam|qilianshan4|qinghai_lake|sanjiaocheng"
"c_ulan_chuzir","gonganbao|gurbantunggut|hoboksar|manas|manas_lake|saur|utbulaq|zhekdeliq"
"c_ulan_ude","khudan"
"c_ulantaiga","dzaigil|erzin|lake_uureg|lake_uvs|tes|turuum|ulaamgom"
"c_uliastai","uliastai"
"c_uliuty","dandybay|karabay|kurgaldzhin_lake|smai_samkai|tagatay|yegindybulak"
"c_ulju","ulju"
"c_ulleong","goseong|ingnyeong|myeongju|samcheok|tongcheon|uljin|ulleungdo"
"c_ulm","ulm|helfenstein"
"c_ulster","downpatrick|carrickfergus"
"c_ulu_jitanjik","aitbulat|aqkol_lake|aral_karakum_desert|arys_lake|belen_ana|bolgan_ana|hunger_steppe|karakoyin_lake|shalkarteniz_lake|talmas_ata"
"c_ulytau","ulytau|alashakhan|baskamyr|orda_bazar"
"c_uman","uman"
"c_umiai","sayak"
"c_ungvar","beregovo|humenne|mukachevo|satoraljaujhely|uzhorod|velikyi_bereznyi|zemplin"
"c_upland","uppsala"
"c_upper_bono","dambai|kumawu|yeji"
"c_upper_ghur","baghran|bost|deh_kundi|gereshk|kajran|musa_qala|paropamisus_mountains3|paropamisus_mountains5|tarinkot|adraskan|azab|firuzkuh_afghanistan|khaysar|paropamisus_mountains2|shindand|awbeh|chishti_sarif|firozkoh|herat|karokh|paropamisus_mountains7|pushang|tulak"
"c_upper_gurma","hombori|bamba|borenta|bourem|dorey|gossi"
"c_upper_khabur","ras_al_ain|mardin|dunaysir|hasakah|ras_ayn|tunanir|viransehir"
"c_uqayr","al_uqayr"
"c_uraiyur","dindigul"
"c_ural","atach|ishkul|kumak|namjan|or_aktobe|suyunduk|tanalyk|yaik|solikamsk"
"c_uraltau","arti"
"c_urbino","urbino|gubbio|montefeltro|pesaro"
"c_urgamal","airag_nuur|hunguy|khyargas_nuur|lake_airag|lake_bayan|lake_khyargas|lake_oigon|lake_telmen|lake_ulaagchiin_khar|lake_uvsiin_khar_us|telmen|ulaagchiin"
"c_urgell","agramunt|andorra_la_vella|balaguer|central_pyrenees|seu_durgell|south_western_pyrenees3|talarn|vielha"
"c_urgun","urgun|khost"
"c_urmiya","salmas"
"c_uses","montlaur"
"c_ushara","al_jeblien|ed_debba|el_metemma|korti|omdurman|shemkhiya"
"c_ushmun","manfalut"
"c_ushytsia","ushytsia|vinnytsia|buzhskyi|pohrebyshche|sokilets"
"c_uskes","erimo_cape|north_western_pacific6|shinodai_cape|shirepa_cape|shiriya_cape|tokachi_coast|uchiura_bay"
"c_usora","srebrenik|doboj"
"c_ustyug","veliky_ustyug|nyuksenitsa"
"c_uul_chors","altay_forest_wasteland_2|askiz|kuznetsk|kytmanovo|salair|ust_kabyrza"
"c_uulynkhol","educhanka|kezhma|lower_angara|siberian_wasteland_16|upper_angara|yarkino"
"c_uvs_nuur","airag_nuur|hunguy|khyargas_nuur|lake_airag|lake_bayan|lake_khyargas|lake_oigon|lake_telmen|lake_ulaagchiin_khar|lake_uvsiin_khar_us|telmen|ulaagchiin"
"c_uwal","al_ahsa|al_jafurah2|al_jubayl|al_qatif|al_uqayr|baqqa|manama|sayhat"
"c_uzboy","uzboy|big_balkhan|orta_kuyu|talaikhan_ata"
"c_uzen","higashiokitama|kitamogami|minamimogami|murayama|nishiokitama|tagawa"
"c_uzgend","osh"
"c_uzgend_KARA","artyk_ata|kyr_uzkand|kyzylkum_desert|mardankuyik|otrar|sutkent|vpadina_ayakalytma_lake|zemukh|zhaushikumtobe"
"c_vadodara","baroda|broach|daman|nandod|rander|surat"
"c_vaihingen","vaihingen|heilbronn"
"c_vaijayanti","hubli"
"c_vairagara","aheri|ambagarh|ballarpur|bhadrachalam|bemetara|bramhapuri|deori|dhamtari|durg|gadchiroli|khairagarh|nandgram|raipur|rajim|sitanadi_hills|sripura|tilda"
"c_vairata","ajmer|amber_loc|bayana|dausa|karauli|malpura|ranthambore|sambhar"
"c_vaisali","launggyet|mrauk_u|akyab"
"c_valabhi","sihor"
"c_valdai","torzhok|bernovo|kuvshinovo|mednoye|valday|vyshny_volochyok"
"c_valencia","valencia|bunol|chelva|lliria|requena"
"c_valentinois","condorcet|die|mevouillon|valence|vercors_massif"
"c_valladolid","valladolid|medina_de_rioseco|medina_del_campo|penafiel|tordesillas|aranda_de_duero"
"c_valois","senlis|crepy|coucy"
"c_vanand","kars|kagizman|kars_mountains_2|kars_mountains_3|surmali"
"c_vanemane","piltene|dundaga|kandava"
"c_vannes","vannes|rohan"
"c_varanasi","varanasi|chunar|ghazipur|jaunpur|kantit|mau_jaunpur|bhadohi"
"c_vardhamana","ranpur"
"c_varend","vaxjo|uppvidinge"
"c_vargashi","shchuchye"
"c_varmland","farnebo|fryksdal|gillberg|josse|nas|nordmark|tingvalla|vanern|varnum"
"c_vas","kormend|olsnica|szombathely|vasvar"
"c_vaspurakan","van|ahlat|bargiri|ercis|hosap|lake_van|suphan_mountains|tatvan|maku"
"c_vastergotland","allingsas|bogesund|ekholm|falkoping|hjo|lidkoping|lodose|skara|skene|tiveden|utlandet|vartofta"
"c_vastmanland","arboga|grythyttan|linde|nora|sala|skinskatteberg|vasteras"
"c_vastvag","alstahaug|birndal|bodo|gildeskal|hamaroy|hattfjelldal|langenes|lofotr|ofoti|rana|skanderna|steigen"
"c_vasyugan","vasyugan"
"c_vatapi","belgaum"
"c_vatsagulma","akola|amravati|basim|kalam|kelapur|mahagaon|mehkar|panar|sindkedh"
"c_vaucouleurs","vaucouleurs|toul"
"c_vecchio","bonifacio"
"c_velay","le_puy"
"c_velbazhd","kratovo"
"c_velsk","velsk|sumino|tavrenga|verkhovazhye|vozhega|yemetsk|navolok|shalakusha|sheleksa"
"c_venadu","kollam"
"c_venaissin","arles|orange|avignon"
"c_vendome","vendome|chateaudun"
"c_veneto","mestre|chioggia"
"c_venezia","castelfranco|ceneda|chioggia|conegliano|mestre|treviso|venice"
"c_vengipura","ellur|masulipatnam|pallakolu|peddapalli|rajamahendry"
"c_veria","veria"
"c_vermandois","nesle|peronne|saint_quentin|marle|roucy|laon"
"c_verona","verona|legnago|peschiera"
"c_vestfold","grenland|sande|skien|tonsberg"
"c_vestisland","egilsstadir|holmur|kirkjubaejar|reydarfjordur|seydisfjordur|vopnafjordur"
"c_veszprem","veszprem"
"c_vhrbosna","vrhbosna|olovo|srebrenica"
"c_viborg","viborg"
"c_vidin","vidin|archar|balkan_mountains1|balkan_mountains2|kozelj|kutlovitsa|lom|svrljig|visesav|vratsa"
"c_vidisa","raisin|sironj|bhojpur"
"c_vidzeme","riga"
"c_vien_chan","vang_vieng"
"c_viena","kem|soma"
"c_vienna","vienna"
"c_viennois","la_tour_du_pin|romans|saint_marceilin|vienne|grenoble"
"c_viipuri","beryozovskoye|elimaki|heinjoki|jaskis|kymi_fi|kyyrola|puruvesi|pyhajarvi|saima|valkeasaari|veckelax|vederlax|villmanstrand|vyborg"
"c_vijaya","vijaya|amaravati|bong_son|ha_va_nguon"
"c_vijayapura","visnupura"
"c_vijnot","ghotki"
"c_vikramapura","kolayat"
"c_villach","villach|feldkirchen|spittal"
"c_vingulmork","ski"
"c_viraja","ratnagiri|bhadrak"
"c_viscaya","anana|laguardia|salvatierra|vitoria"
"c_visegrad","visegrad|pest|abrahamtelke|jaszbereny|kecskemet"
"c_viseu","viseu|trancoso"
"c_vitebsk","vitebsk|haradok|jeziarysca|mikulino|syanno|usvyaty|velizh|vydreya"
"c_viterbo","viterbo|civitavecchia"
"c_vitim","vitim|alysardakh|chuya|peledui|vitim_upplands|witym|yukte"
"c_viviers","viviers"
"c_vizagipatam","nandapur"
"c_vladimir","vladimir|moshok|muromtsevo_murom|osovets|sudogda|vlasovo|yaropolch|zolotkovo|starodub_on_the_klyazma"
"c_vodamayutja","bareilly|nahil|pilibhit|shahjahanpur"
"c_vodi","koporye|yama"
"c_vodica","dubica"
"c_vogtland","gera|hof|plauen|schleiz|cheb"
"c_voin","lubny|horodyshche|horoshino|pyriatyn|yahotyn|zolotonosha"
"c_volkovysk","sokolka"
"c_volodymyr","volodymyr|kamin|kovel|melnytsya|turiisk|lutsk|chortoryisk|peremyl|rozhyshche|stepan|volodymyrets"
"c_vologda","vologda|arkhangelskoye_vologda|kubenskoye|lake_kubenskoye|shuyskoye|ustye|gryazovets|danilov"
"c_vorbasse","kolding"
"c_voronezh","voronezh|anna_russia|novaya_pokrovka|ostrogozhsk|rossosh|semidesyatnoye|usman|lipetsk|donkov|izberdey|kozlov|teshevka|ust_stanovykh_ryas"
"c_votkinsk","nytva"
"c_vratsa","vratsa|lom|kutlovitsa"
"c_vrbas","glaz"
"c_vukovar","vukovar|osijek"
"c_vyadhapura","vyadhapura|angkor_borei|phnom_penh|prasat_pram_lovet|srey_sarchhor|indrapura_khmer|beng_mealea|phnom_santuk|prasat_andet|preah_khan_kompong_svay|indrapura"
"c_vyangi","hoytiainen|ilomantsi|joensuu|juuka|koitere|konevets|korela|kurkijoki|lake_ladoga|lake_orivesi|lake_otradnoye|lake_suoyarvi|lieksa|loimola|mohko|nurmes|pielinen|salmi|sordavala|suojarvi|vartsila|viinijarvi|yanis_jarvi"
"c_wa","wa|daboya|diebougou|gambaga|paga|bankuy|boromo|faramana|hounde|kirikongo|bouna"
"c_wabar","al_aflaj|al_haddar|laila|qasr_himam|rub_al_khali1"
"c_wadai","abesehir|am_dam|guereda|hadjer_haddid|ouara|wara"
"c_wadan","wadan"
"c_waddan","al_jawf|awjila|calansho_desert|coastal_libyan_desert2|coastal_libyan_desert3|connector_libya10|connector_libya11|connector_libya12|connector_libya13|connector_libya15|connector_libya3|connector_libya6|maradah|tazirbu|zella"
"c_wadi_amur","khawr_nubt"
"c_wadi_el-milk","barah|dilling|el_obeid|kadugli|kosa|nuba_sud|teqali|wadi_el_melik|waylula|zankor"
"c_wagadugu","koudougou|leo|ouagadougou|po|tiebele|zorgho"
"c_waj","barara|central_east_ethiopian_mountains|sharka|ziqwala"
"c_wajda","saa|debdou"
"c_wajh","al_wajh|bada"
"c_wakhan","hindu_kush5|hindu_kush6|hindu_kush7|ishkashim|qila_panjeh|roshtqala|sarhad"
"c_wakhsh","aiwanj|basand|darzanji|denov|hissar|qubodijon|shuman|termez"
"c_walata","walata|biru"
"c_waldeck","buren"
"c_wanan","wanan|lehui|lingshui|jiyang"
"c_wandala","bama"
"c_wanzhou","wanzhou|wuning|liangshan|lichuan"
"c_waqisa","al_udayb|ayn_tamr|hillah|karbala|kufa|qadisiyyah"
"c_wargla","karima"
"c_warwickshire","birmingham|coventry|stratford"
"c_wasit","wasit|abdanan|al_tib|arkvaz|bakusaya|dehloran|meymeh"
"c_wassa","abengourou|apollonia|axim|hemang"
"c_weichu","weichu"
"c_weiyuan","weiyuan|mengban_weiyuan|mengtong"
"c_weizhou","yuancheng|guantao"
"c_weizhou_1","jiangxian|jishan|quwo|taihangshan6|taiping_jiangzhou|yicheng_pingyang|yuanqu|zhengping"
"c_weizhou_2","longxi|weiyuan|mengban_weiyuan|mengtong"
"c_weizhou_3","changhua"
"c_weizhou_4","beihai|changyi"
"c_welamo","bonga|bossa|gamo|konso|omo|soddo|south_west_ethiopian_mountains"
"c_wellega","fazughli|gimbi|nekemte"
"c_wentugaole","badain_jarain_desert1|badain_jarain_desert2|banzart_khairkhan|juyan_sea|khara_khoto|naraan_chilaun|noyon_uul|zag_suujiyn_gobi"
"c_wenyon","fresco|grand_lahou|guinean_jungle|san_pedro|sassandra"
"c_wenzhou","luoyang_wenzhou|pingyang|ruian|shuangxi|yongjia|yueqing"
"c_wenzhou_2","yongjia|hengyang"
"c_werle","neubrandenburg"
"c_west-tokharestan","aqca|balkh|boyena_qara|khamyab|khulm|mazar_i_sharif|samangan|zadian"
"c_west_kordofan","barah|dilling|el_obeid|kadugli|kosa|nuba_sud|teqali|wadi_el_melik|waylula|zankor"
"c_west_qamuda","tala"
"c_west_riding","doncaster|leeds|pennines_04|pennines_05|pennines_06|pontefract|ripon|skipton|wakefield"
"c_western_tannu","den_terek|khemchik|tannu_ola_mountains1|ulug|usun|western_sayan_mountains"
"c_westfriesland","alkmaar"
"c_westmorland","appleby|kendal"
"c_wiek","hapsal|lihula"
"c_wielunska","wielun|ostrzeszow|wieruszow|grabow"
"c_wiltberg","schweinfurt"
"c_wiltshire","amesbury|chippenham|salisbury|trowbridge"
"c_wittenberg","wittenberg"
"c_wolgast","wolgast"
"c_wolkenstein","chemnitz|freiberg|glauchau|sayda|zwickau"
"c_wolpe","buckeburg|burgdorf|hamelin|hanover|hildesheim|neustadt_am_rubenberge"
"c_wolqayt","bazin|northern_ethiopian_mountains|tembesha|tesenei"
"c_wonju","wonju|hoengcheon|jeongseon|pyeongchang|yeongwol|jecheon"
"c_worcestershire","kidderminster|worcester"
"c_wormditt","frombork|lidzbark|olsztyn"
"c_worms","worms"
"c_worodugu","seguela|koro"
"c_woye","jianzhou"
"c_wschowska","wschowa|koscian|babimost|grodzisk_wielkopolski|rawicz|srem"
"c_wulan","anyuan|baiting|gulang|jinchang|qingtu_lake|xiliang|yongchang_ganzhou|zhenfan"
"c_wuli","kabakama|kerbatch|kodiam|wassu"
"c_wulong","wulong"
"c_wurttemberg","stuttgart|tubingen"
"c_wurzburg","wurzburg"
"c_wuyuan","hengshan"
"c_wuzhou","wuzhou|cangwu|dongan|fengchuan|huaiji|rongcheng|jinhua|dongyang|lanxi|pujiang|wuyi_jinhua|yiwu|yongkang|puyang"
"c_wuzhou_1","wuzhou|cangwu|linhe|fuchuan"
"c_xainza","gangdise6|gering_lake|lunggar2|ngangzi_lake|serzhik|shantsa|tangra_yumco|xuru_lake|zangdan"
"c_xaitongmoin","ganden_delingshar|gangdise4|himalaya13|lhadrak|ngamring|sakya|tagmo_lingkha"
"c_xiangcheng","xiangcheng"
"c_xiangshan","xiangshan|yangshou|wuxian|laibin"
"c_xiangyang","xiangyang|fancheng|guanghua|gucheng|jinxiangping|lutoudian|nanzhang|yicheng|zaoyang"
"c_xiangzhou","anyang|neihuang|linzhang"
"c_xiaoguan","jingning|liupanshan|longde|sanchuan|shuiluo"
"c_xiazhou","aerzhai|ordos|otog|tongwancheng"
"c_xiazhou_1","yiling|changyang|jinzhuping|yidu|yuanan"
"c_xigaze","namling"
"c_xigortang","amnye_machen|bayan_har|darlag|lab_lake|lungkya|madoi|ngoring_lake|zhaling_lake"
"c_xin_an","quzhou|xinan"
"c_xincheng","xincheng|mingshui"
"c_xinghua","xinghua|fuqing|putian|xianyou"
"c_xingqing","durgyeling|geshitsa|rahor|yungdrung|zhanggu"
"c_xingyuan","nanzheng|chenggu"
"c_xingzhou","baitan|kuanhe_xingzhou|limin|liuyuan|niushan|taipingzhuang|xiabancheng|yanshan_mountains1|yixingzhou|zhangsanying|julu"
"c_xinhzou","shangrao|yushan|yiyang|yanshan"
"c_xining","xining|datong_xining|gushan|haomen|nianbo|qilianshan2|zhuanglang"
"c_xiningzhou","datong_xining|gushan|haomen|nianbo|qilianshan2|xining|zhuanglang"
"c_xinzhou","dingxiang|jingle|ninghua|xiurong"
"c_xinzhou_1","xinxing|yongshun|baojing|guzhang|shangxi|wuzhai|yongshun_yongshun|xinhui|guanghai|xiangshan_xinhui"
"c_xiongzhou","mingsha"
"c_xiuzhou","jiaxing|chongde|haiyan|huating"
"c_xizhou","xizhou|daning|puxian|shilou|xichuan_xizhou|yonghe|xichuan|daning_pingquan|fushu|hezhong|huihe|naiman|pingquan|wuping_daning"
"c_xuanzhou","xuancheng|ningguo|jingde|jingxian|nanling|nanyi_lake|taiping_ningguo|jing|huitong|suining_jing|tianzhu|tongdao|yongping"
"c_xunzhou","guiping|guizhou_xunzhou|luoxiu|pingnan|watang|xingning|changle"
"c_xunzhou_2","guiping|yulin"
"c_xuzhou_1","xuzhou"
"c_yabrin","yabrin|ad_dahna5|al_hunayy|al_jafurah1|harad_al_ahsa|khurays|rumah|rumah_jarrarah_corridor|urayrah"
"c_yagba","bida|jebba|lokoja|minna|mokwa|nupeko|tada"
"c_yaitsk","aksay_pointic|kalmyk|karatobe|oral|shalkar_lake|shyngyrlau|terekti|zhympity"
"c_yalala","al_khadra_ALG|chlef|ksar_el_kaoua|mazouna|miliana|western_tablate_mountain|yellel"
"c_yalong","buha|caka|caka_lake|chabcha|dulan|dungkar_amdo|guolimu|kunlun5|qardam|qilianshan4|qinghai_lake|sanjiaocheng"
"c_yamama","ad_dilam|al_majazah|al_yamamah|naam"
"c_yamashiro","kuse|kyoto"
"c_yamato","kii_mountains|nara|takaichi|yoshino"
"c_yamethin","magway|pagan|salay|talok|taungdwingyi"
"c_yan_an","fushi|yanchuan|baoan|baoan_baoan|huailai|longqing|taihangshan1"
"c_yanbu","yanbu|al_ahmar|al_jar|ash_shibahah|badr_hunayn|yanbu_an_nakhil|al_hawra"
"c_yanchuan","yanchuan|jiangxian|jishan|quwo|taihangshan6|taiping_jiangzhou|yicheng_pingyang|yuanqu|zhengping"
"c_yangcheng","yangcheng|qinyuan|tongdi"
"c_yangikent","yangikent|buzikkala|jubara|karmakshi|qamystybas_lake"
"c_yangjibaliq","yangjibaliq|borohoro3|kutubi|qanbalik|ulan_us|urumqi"
"c_yangju","yangju"
"c_yangwarok","bhojpur"
"c_yangzhou","yangzhou|jiangdu|taixing|yangzi|tianchang|gaoyou|baima_lake|baoying|gaoyou_lake|xinghua"
"c_yangzhou_1","yangzhou|xixiang"
"c_yanokul","atach|ishkul|kumak|namjan|or_aktobe|suyunduk|tanalyk|yaik"
"c_yanzhou","chunan|jiande|suian|tonglu|laiwu|qufu"
"c_yanzhou_3","adeqiu|gongshan|lanzhou_lanzhou|luzhang|nushan|zhiziluo|zhuluo"
"c_yaozhou","yaozhou|fuping_xian|huayuan|sanyuan|tongguan_tongchuan|fuping|yunyang"
"c_yarkand","yarkand|guma|kargilik|poskam"
"c_yaroslavl","yaroslavl|bolshoye_selo|danilov|kurba|romanov|sol_velikaya|ust_sheksna|rostov|borisogleb|lake_nero|petrovsk_rostov|uglich|koi|rozhalovo|mologa|ilovna|prozorovo"
"c_yasin","yasin"
"c_yatenga","yatenga|djibo|doubare|rim|zondoma|sanga"
"c_yatvyagi","panemune|vilkaviskis"
"c_yau","dikwa|daima|konduga|mandaragirau"
"c_yauri","yauri|kontagora|kotonkoro|kulfo|zuru"
"c_yazd","yazd|ardakan|meybod|nadushan|saryazd|taft|zagros_mountains15|nain"
"c_yazhou","diaomen|lushan_yazhou|mingshan|rongjing|yandao|wenchang|qiongshan"
"c_yazhou_1","ningyuan|yande|jiyang|ganen"
"c_yazhou_2","yandao|rongjing"
"c_yekaterinburg","irbit"
"c_yelimane","bakel|diamou|kayes|maghana|sandare"
"c_yenisei","bolshoy_uluy|itatsky|kazachinskoye|makovskoe|tyukhtet"
"c_yenshipin","bayan_har_mountains2|dalungsai|dorger_lake|drichu|duolundu|hoh_sai_lake|hoh_xil|hoh_xil_lake|jilibulake|jurhen_ui|kunlun|kunlun4|lebxewudan_lake|qumarleb|sharu|tanggula2|ulan_ui_lake|xijir_ulan_lake|zhognai_lake"
"c_yeongwon","yeongwon|deokju"
"c_yera","cheremkhovo|irkutsk|slyudyanka|zalari"
"c_yezhou","jiangxian|jishan|quwo|taihangshan6|taiping_jiangzhou|yicheng_pingyang|yuanqu|zhengping"
"c_yingchuan","xuzhou|changshe|fugou|wuyang"
"c_yingde","yingde|hanguang|wengyuan|yingzhou|zhenyang"
"c_yingzhou","yingzhou|shenqiu|taihe|yingshang|yingshui|xiacai"
"c_yingzhou_2","yingzhou|fushui|jingshan"
"c_yingzhou_4","yingzhou"
"c_yingzhou_5","yingzhou|jincheng|hengshan"
"c_yinsheng","kainan|hepu"
"c_yinzhou","kaiguang"
"c_yinzhou_1","hanyuan|hengduanshan3|lugu|qiongbu|shimian|suzhou|zhenxi_lizhou"
"c_yizhou_1","yi|rongcheng|laishui"
"c_yizhou_3","suiyang"
"c_yongchang_jingmadian","wa|gengma"
"c_yongchang_yongchang","yongchang_yongchang"
"c_yongxing","yongxing|longmen"
"c_yongzhou","dongan_yongzhou|guiyang_hengyang|lengshuitan|lingling|qiyang|dongan"
"c_yongzhou_1","xuanhua|langning"
"c_yoshkar-ola","kovernino|krasnye_baki|semyonov|sharanga|tonshayevo|uren|varnavino|vetluga"
"c_youzhou","youzhou|chaling|liling|liuyang|yongan_youzhou|changping|huairou|miyun|shunyi|yongqing"
"c_youzhou_2","youzhou"
"c_yperen","ypres|veurne|dunkirk"
"c_yuanzhou","fenyi|pingxiang|wanzai|yichun"
"c_yuanzhou_2","pingliang|chongxin|huating_pingliang"
"c_yuezhou","baling|changshou_pingjiang|huarong|linxiang|pingjiang|yuyao|zhuji"
"c_yuezhou_1","baling|linxiang|xiangyin"
"c_yulin","yulin|anbian|dingbian|huaiyuan_mizhi|jingbian|nanliu"
"c_yumen","buha|caka|caka_lake|chabcha|dulan|dungkar_amdo|guolimu|kunlun5|qardam|qilianshan4|qinghai_lake|sanjiaocheng"
"c_yunyang","yunyang|xunyang|hanyin|ruichang|dean|anlu|xiaogan|yingcheng|yunmeng"
"c_yunzhou","yunzhou|donge|juye|zhongdu"
"c_yunzhou_2","yunzhou|gaoan|xinchang|shanggao"
"c_yuzhou","yuzhou|fangcheng|wuyang|yexian|lingqiu|feihu|lingxian"
"c_yuzhou_2","yuzhou|bishan|jiangjin"
"c_zabid","zabid|al_ghulayfiqah|as_salafiyah|haraz_mountains4|mikhlaf_al_hubishiyah|mudhaykirah|mawza"
"c_zabulistan","arghestan|chaman|deychopan|kandahar|maruf|qalat_ghilji"
"c_zachlumia","nevesinje|drijeva|kljuc|mostar"
"c_zadar","zadar"
"c_zadoi","bayan_har_mountains2|dalungsai|dorger_lake|drichu|duolundu|hoh_sai_lake|hoh_xil|hoh_xil_lake|jilibulake|jurhen_ui|kunlun|kunlun4|lebxewudan_lake|qumarleb|sharu|tanggula2|ulan_ui_lake|xijir_ulan_lake|zhognai_lake"
"c_zagorje","koprivnica"
"c_zagreb","zagreb|karlovac|petrinja|sisak|slunj|varazdin"
"c_zaila","ali_sabieh|amud|el_sheikh|hargeisa|zeila"
"c_zakroczymska","zakroczym|nur|rozan"
"c_zamakhshar","darganata|hazarasp|karakum_desert1|kattashor_lake|khiva|kyat_kala|nyzvar|urgench|vezir"
"c_zamindawar","baghran|bost|deh_kundi|gereshk|kajran|musa_qala|paropamisus_mountains3|paropamisus_mountains5|tarinkot"
"c_zamm","barkdiz|karakum_desert3|karakum_desert4|karakum_desert5|karakum_desert6|merv|pandjih"
"c_zammour","al_kuwayra|aousserd|bojador|dakhla|el_djouf1|el_djouf3|sahel_corridor07|sahel_corridor34"
"c_zamora","zamora|alba_de_aliste|fermoselle|toro"
"c_zanjan","zanjan|elburz_mountains4|mahneshan|sarcham|sojas|soltaniyeh|zagros_mountains5"
"c_zanzibar","zanzibar|dar_es_salaam|ras_mkumbuu"
"c_zarafshan","zarafshan"
"c_zaragoza","zaragoza|belchite|moncayo_range|pina_de_ebro|tarazona|zuera|sarinena"
"c_zarand","zarand|bafq|behabad|dasht_lut4|kuhbanan|ravar|ravar_nayband_corridor|zarand_iran"
"c_zaranj","zaranj|bahramchah|dasht_khash|dasht_margoh|dasht_tarakun|delaram|hamun_gowd_zerah|hamun_pushak|hamun_saberi|khash_sistan|qala_fateh|qarnin|rudbar_sistan"
"c_zaria","zazzau|anchau|birnin_gwari|lere|tegina|turunku|gusau"
"c_zarma","dongondoutchi|dosso|kaouara|koure|loga"
"c_zarman","bugat|chikhan_agui|gobi_altay|otegu_qulan|tevsh_uul|tsagaan_agui|tsogt"
"c_zaslavl","dubno|ostroh"
"c_zatec","zatec|loket"
"c_zavrsje","glamoc"
"c_zawila","zawila"
"c_zeeland","middelburg"
"c_zekog","muxihe|qinlingshan1|quge|sailahai|zeku"
"c_zela","ak_mountains|darende|dasmenda|deliktash|gemerek|gurun|hafik|kose_mountains_1|middle_taurus_4|middle_taurus_6|middle_taurus_7|sarkisla|sivas|zara"
"c_zelengora","gacko|konjic"
"c_zemigalians","dobele|bauska"
"c_zemplen","beregovo|humenne|mukachevo|satoraljaujhely|uzhorod|velikyi_bereznyi|zemplin"
"c_zetang","chikchar|gonpatsi|himalaya18|lake_puma_yumco|lho_taklung|lhodrak|tragor|trigu|yamdrok_lake|zangchen"
"c_zezhou","duanshi|gaoping|jincheng_zezhou|lingchuan_zezhou|qinshui|yangcheng|jincheng"
"c_zhagyab","drayab|gonjo|sho|tangkya"
"c_zhangzhou","changtai|huafeng|longxi|longyan|nansheng|pinghe|zhangping|zhangpu|zhaoan"
"c_zhanyin","funiushan1|luanchuan|lushi|songzhou_songzhou|yique|yiyang_songzhou|zhuyang"
"c_zhaozhou","lincheng|longping_zhaozhou|ningjin_zhaozhou|pingji|zanhuang"
"c_zhaozhou_1","pingle|gongcheng|lishan_pingle|longping_pingle|yongping|yangshuo"
"c_zhenfan","zhenfan"
"c_zhengzhou","guancheng_zhengzhou|mixian|xingyang|yangdi|yanjin|yuanyang|zhongmu|guancheng"
"c_zhenwu_1","zhenwu|baiting"
"c_zhenxi","zhenxi|zhenzhou"
"c_zhenzhou","zhenzhou|zhending|fuping|gaocheng|gucheng_zhending|huolu|jingxing|lingshou|pingshan_zhending|wuji|yuanshi_zhending"
"c_zherkovo","smolyan|ustra"
"c_zhidoi","bayan_har_mountains2|dalungsai|dorger_lake|drichu|duolundu|hoh_sai_lake|hoh_xil|hoh_xil_lake|jilibulake|jurhen_ui|kunlun|kunlun4|lebxewudan_lake|qumarleb|sharu|tanggula2|ulan_ui_lake|xijir_ulan_lake|zhognai_lake"
"c_zhongba","baryang"
"c_zhongzhou","dianjiang|fengdu|linjiang|shizhu|qingjiang|xingan_linjiang|xinyu"
"c_zhuozhou","fanyang|guan"
"c_zhytomyr","zhytomyr|berdychiv|chortolisy|chudniv|korostyshiv|mychesk|mezhybozhe"
"c_zichia","bata"
"c_zichuan","zichuan|zizhou|zouping|changshan"
"c_zirkuh","abiz|shahrakht"
"c_ziting","ganquan"
"c_ziz","boumalne_dades|eastern_anti_atlas|eastern_high_atlas1|er_rich|ksar_es_souk|sijilmasa|tazzarine|todgha"
"c_zizhou_2","zizhou|ziyang"
"c_zlatibor","arilje|gradac|prijepolje|uzice|visegrad|sjenica"
"c_znojmo","znojmo|bitov"
"c_zogang","dzogang|mengung|tsakhalkho"
"c_zoige","dartang|droge|metsang|takden"
"c_zollern","balingen|erbach_swabia|heidenheim|helfenstein|hohenberg|riedlingen|sigmaringen|ulm"
"c_zolyom","balassagyarmat|gemer|nograd|podmuran|rimavska_sobota|roznava|salgotarjan"
"c_zongzhou","mangbu"
"c_zuining","hami|mile"
"c_zurich","zurich|schwyz|basel"
"c_zutphen","zutphen"
"c_zvyahel","chortolisy"
